Date,TimeStamp,IsCommanded,Channel1,Channel2,Channel3,Channel4,utc_time,local_time
2025-01-16 20:26:08.153275,0.999,False,0.0,0.0,0.0,0.0,2025-01-16 20:32:28.593667,2025-01-16 15:32:28.593667
2025-01-16 20:26:08.153275,0.999,True,1.043181,1.078091,1.11252,1.104257,2025-01-16 20:32:28.593667,2025-01-16 15:32:28.593667
2025-01-16 20:26:09.152775,1.999,False,0.282038,6.9e-05,0.0,0.0,2025-01-16 20:32:29.593167,2025-01-16 15:32:29.593167
2025-01-16 20:26:09.152800,1.999,True,1.042699,1.077747,1.111762,1.103844,2025-01-16 20:32:29.593192,2025-01-16 15:32:29.593192
2025-01-16 20:26:10.152750,2.999,False,0.564075,6.9e-05,0.0,0.0,2025-01-16 20:32:30.593142,2025-01-16 15:32:30.593142
2025-01-16 20:26:10.152775,2.999,True,1.04263,1.077265,1.111487,1.103568,2025-01-16 20:32:30.593167,2025-01-16 15:32:30.593167
2025-01-16 20:26:11.152700,3.999,False,0.846112,6.9e-05,0.0,0.0,2025-01-16 20:32:31.593092,2025-01-16 15:32:31.593092
2025-01-16 20:26:11.152700,3.999,True,1.042423,1.077058,1.111487,1.103293,2025-01-16 20:32:31.593092,2025-01-16 15:32:31.593092
2025-01-16 20:26:12.152700,4.999,False,1.12815,6.9e-05,0.0,0.0,2025-01-16 20:32:32.593092,2025-01-16 15:32:32.593092
2025-01-16 20:26:12.152725,4.999,True,1.04201,1.077058,1.111418,1.103224,2025-01-16 20:32:32.593117,2025-01-16 15:32:32.593117
2025-01-16 20:26:13.152800,5.999,False,1.410188,6.9e-05,0.0,0.0,2025-01-16 20:32:33.593192,2025-01-16 15:32:33.593192
2025-01-16 20:26:13.152850,5.999,True,1.042148,1.076989,1.111005,1.103224,2025-01-16 20:32:33.593242,2025-01-16 15:32:33.593242
2025-01-16 20:26:14.152750,6.999,False,1.692225,6.9e-05,0.0,0.0,2025-01-16 20:32:34.593142,2025-01-16 15:32:34.593142
2025-01-16 20:26:14.152775,6.999,True,1.041804,1.076921,1.111005,1.10288,2025-01-16 20:32:34.593167,2025-01-16 15:32:34.593167
2025-01-16 20:26:15.152700,7.999,False,1.974262,6.9e-05,0.0,0.0,2025-01-16 20:32:35.593092,2025-01-16 15:32:35.593092
2025-01-16 20:26:15.152725,7.999,True,1.041666,1.076783,1.111005,1.102811,2025-01-16 20:32:35.593117,2025-01-16 15:32:35.593117
2025-01-16 20:26:16.152725,8.999,False,2.2563,6.9e-05,0.0,0.0,2025-01-16 20:32:36.593117,2025-01-16 15:32:36.593117
2025-01-16 20:26:16.152750,8.999,True,1.041666,1.076783,1.110867,1.102535,2025-01-16 20:32:36.593142,2025-01-16 15:32:36.593142
2025-01-16 20:26:17.152725,9.999,False,2.538338,6.9e-05,0.0,0.0,2025-01-16 20:32:37.593117,2025-01-16 15:32:37.593117
2025-01-16 20:26:17.152750,9.999,True,1.041735,1.076645,1.110798,1.102673,2025-01-16 20:32:37.593142,2025-01-16 15:32:37.593142
2025-01-16 20:26:18.148975,10.999,False,2.820375,6.9e-05,0.0,0.0,2025-01-16 20:32:38.589367,2025-01-16 15:32:38.589367
2025-01-16 20:26:18.148975,10.999,True,1.041322,1.076576,1.110729,1.102535,2025-01-16 20:32:38.589367,2025-01-16 15:32:38.589367
2025-01-16 20:26:19.149025,11.999,False,3.102412,6.9e-05,0.0,0.0,2025-01-16 20:32:39.589417,2025-01-16 15:32:39.589417
2025-01-16 20:26:19.149025,11.999,True,1.04139,1.076439,1.11066,1.102466,2025-01-16 20:32:39.589417,2025-01-16 15:32:39.589417
2025-01-16 20:26:20.148900,12.999,False,0.210702,6.9e-05,0.0,0.0,2025-01-16 20:32:40.589292,2025-01-16 15:32:40.589292
2025-01-16 20:26:20.148925,12.999,True,1.04139,1.076301,1.110523,1.102398,2025-01-16 20:32:40.589317,2025-01-16 15:32:40.589317
2025-01-16 20:26:21.149050,13.999,False,0.290713,6.9e-05,0.0,0.0,2025-01-16 20:32:41.589442,2025-01-16 15:32:41.589442
2025-01-16 20:26:21.149050,13.999,True,1.041253,1.076232,1.110523,1.10226,2025-01-16 20:32:41.589442,2025-01-16 15:32:41.589442
2025-01-16 20:26:22.149075,14.999,False,0.757838,6.9e-05,0.0,0.0,2025-01-16 20:32:42.589467,2025-01-16 15:32:42.589467
2025-01-16 20:26:22.149075,14.999,True,1.041322,1.076094,1.110454,1.102191,2025-01-16 20:32:42.589467,2025-01-16 15:32:42.589467
2025-01-16 20:26:23.149150,15.999,False,1.038361,6.9e-05,0.0,0.0,2025-01-16 20:32:43.589542,2025-01-16 15:32:43.589542
2025-01-16 20:26:23.149175,15.999,True,1.041115,1.076094,1.110385,1.102053,2025-01-16 20:32:43.589567,2025-01-16 15:32:43.589567
2025-01-16 20:26:24.149275,16.999,False,1.195699,6.9e-05,0.0,0.0,2025-01-16 20:32:44.589667,2025-01-16 15:32:44.589667
2025-01-16 20:26:24.149275,16.999,True,1.040908,1.076094,1.110247,1.102191,2025-01-16 20:32:44.589667,2025-01-16 15:32:44.589667
2025-01-16 20:26:25.149125,17.999,False,1.419277,6.9e-05,0.0,0.0,2025-01-16 20:32:45.589517,2025-01-16 15:32:45.589517
2025-01-16 20:26:25.149150,17.999,True,1.040977,1.075888,1.110247,1.102053,2025-01-16 20:32:45.589542,2025-01-16 15:32:45.589542
2025-01-16 20:26:26.149000,18.999,False,1.718804,6.9e-05,0.0,0.0,2025-01-16 20:32:46.589392,2025-01-16 15:32:46.589392
2025-01-16 20:26:26.149000,18.999,True,1.041046,1.076025,1.110041,1.101916,2025-01-16 20:32:46.589392,2025-01-16 15:32:46.589392
2025-01-16 20:26:27.149450,19.999,False,1.974538,6.9e-05,0.0,0.0,2025-01-16 20:32:47.589842,2025-01-16 15:32:47.589842
2025-01-16 20:26:27.149475,19.999,True,1.041115,1.075957,1.110041,1.102191,2025-01-16 20:32:47.589867,2025-01-16 15:32:47.589867
2025-01-16 20:26:28.150525,20.999,False,2.307461,6.9e-05,0.0,0.0,2025-01-16 20:32:48.590917,2025-01-16 15:32:48.590917
2025-01-16 20:26:28.150525,20.999,True,1.040977,1.075681,1.109903,1.101916,2025-01-16 20:32:48.590917,2025-01-16 15:32:48.590917
2025-01-16 20:26:29.149000,21.999,False,2.538338,6.9e-05,0.0,0.0,2025-01-16 20:32:49.589392,2025-01-16 15:32:49.589392
2025-01-16 20:26:29.149025,21.999,True,1.040908,1.075681,1.109834,1.101778,2025-01-16 20:32:49.589417,2025-01-16 15:32:49.589417
2025-01-16 20:26:30.149475,22.999,False,2.820375,6.9e-05,0.0,0.0,2025-01-16 20:32:50.589867,2025-01-16 15:32:50.589867
2025-01-16 20:26:30.149475,22.999,True,1.040702,1.075819,1.109903,1.101847,2025-01-16 20:32:50.589867,2025-01-16 15:32:50.589867
2025-01-16 20:26:31.148850,23.999,False,3.102412,6.9e-05,0.0,0.0,2025-01-16 20:32:51.589242,2025-01-16 15:32:51.589242
2025-01-16 20:26:31.148850,23.999,True,1.040771,1.075612,1.110178,1.101709,2025-01-16 20:32:51.589242,2025-01-16 15:32:51.589242
2025-01-16 20:26:32.149075,24.999,False,0.210702,6.9e-05,0.0,0.0,2025-01-16 20:32:52.589467,2025-01-16 15:32:52.589467
2025-01-16 20:26:32.149100,24.999,True,1.040771,1.075475,1.109903,1.101778,2025-01-16 20:32:52.589492,2025-01-16 15:32:52.589492
2025-01-16 20:26:33.149425,25.999,False,0.286444,6.9e-05,0.0,0.0,2025-01-16 20:32:53.589817,2025-01-16 15:32:53.589817
2025-01-16 20:26:33.149450,25.999,True,1.040495,1.075819,1.109696,1.10164,2025-01-16 20:32:53.589842,2025-01-16 15:32:53.589842
2025-01-16 20:26:34.149000,26.999,False,0.757907,6.9e-05,0.0,0.0,2025-01-16 20:32:54.589392,2025-01-16 15:32:54.589392
2025-01-16 20:26:34.149025,26.999,True,1.040564,1.075819,1.109628,1.101502,2025-01-16 20:32:54.589417,2025-01-16 15:32:54.589417
2025-01-16 20:26:35.148950,27.999,False,1.038361,6.9e-05,0.0,0.0,2025-01-16 20:32:55.589342,2025-01-16 15:32:55.589342
2025-01-16 20:26:35.148975,27.999,True,1.040633,1.075543,1.109559,1.101502,2025-01-16 20:32:55.589367,2025-01-16 15:32:55.589367
2025-01-16 20:26:36.149350,28.999,False,1.195423,6.9e-05,0.0,0.0,2025-01-16 20:32:56.589742,2025-01-16 15:32:56.589742
2025-01-16 20:26:36.149350,28.999,True,1.040426,1.075406,1.109628,1.101502,2025-01-16 20:32:56.589742,2025-01-16 15:32:56.589742
2025-01-16 20:26:37.148975,29.999,False,1.419208,6.9e-05,0.0,0.0,2025-01-16 20:32:57.589367,2025-01-16 15:32:57.589367
2025-01-16 20:26:37.149000,29.999,True,1.040495,1.075337,1.109559,1.101709,2025-01-16 20:32:57.589392,2025-01-16 15:32:57.589392
2025-01-16 20:26:38.148825,30.999,False,1.718804,6.9e-05,0.0,0.0,2025-01-16 20:32:58.589217,2025-01-16 15:32:58.589217
2025-01-16 20:26:38.148850,30.999,True,1.040426,1.075268,1.109628,1.101502,2025-01-16 20:32:58.589242,2025-01-16 15:32:58.589242
2025-01-16 20:26:39.149650,31.999,False,1.974538,6.9e-05,0.0,0.0,2025-01-16 20:32:59.590042,2025-01-16 15:32:59.590042
2025-01-16 20:26:39.149650,31.999,True,1.040426,1.075406,1.10949,1.101571,2025-01-16 20:32:59.590042,2025-01-16 15:32:59.590042
2025-01-16 20:26:40.149150,32.999,False,2.305051,6.9e-05,0.0,0.0,2025-01-16 20:33:00.589542,2025-01-16 15:33:00.589542
2025-01-16 20:26:40.149150,32.999,True,1.040289,1.075337,1.109559,1.10164,2025-01-16 20:33:00.589542,2025-01-16 15:33:00.589542
2025-01-16 20:26:41.148900,33.999,False,2.538338,6.9e-05,0.0,0.0,2025-01-16 20:33:01.589292,2025-01-16 15:33:01.589292
2025-01-16 20:26:41.148925,33.999,True,1.040358,1.075061,1.109628,1.101571,2025-01-16 20:33:01.589317,2025-01-16 15:33:01.589317
2025-01-16 20:26:42.150400,34.999,False,2.820375,6.9e-05,0.0,0.0,2025-01-16 20:33:02.590792,2025-01-16 15:33:02.590792
2025-01-16 20:26:42.150400,34.999,True,1.040358,1.075406,1.109421,1.101434,2025-01-16 20:33:02.590792,2025-01-16 15:33:02.590792
2025-01-16 20:26:43.149175,35.999,False,3.102412,6.9e-05,0.0,0.0,2025-01-16 20:33:03.589567,2025-01-16 15:33:03.589567
2025-01-16 20:26:43.149175,35.999,True,1.040289,1.075268,1.10949,1.101365,2025-01-16 20:33:03.589567,2025-01-16 15:33:03.589567
2025-01-16 20:26:44.148975,36.999,False,0.210702,6.9e-05,0.0,0.0,2025-01-16 20:33:04.589367,2025-01-16 15:33:04.589367
2025-01-16 20:26:44.149000,36.999,True,1.040358,1.075337,1.10949,1.101365,2025-01-16 20:33:04.589392,2025-01-16 15:33:04.589392
2025-01-16 20:26:45.149100,37.999,False,0.285687,6.9e-05,0.0,0.0,2025-01-16 20:33:05.589492,2025-01-16 15:33:05.589492
2025-01-16 20:26:45.149125,37.999,True,1.040426,1.075268,1.109352,1.101227,2025-01-16 20:33:05.589517,2025-01-16 15:33:05.589517
2025-01-16 20:26:46.149225,38.999,False,0.757907,6.9e-05,0.0,0.0,2025-01-16 20:33:06.589617,2025-01-16 15:33:06.589617
2025-01-16 20:26:46.149250,38.999,True,1.04022,1.075199,1.10949,1.101158,2025-01-16 20:33:06.589642,2025-01-16 15:33:06.589642
2025-01-16 20:26:47.149650,39.999,False,1.03843,6.9e-05,0.0,0.0,2025-01-16 20:33:07.590042,2025-01-16 15:33:07.590042
2025-01-16 20:26:47.149675,39.999,True,1.040151,1.075199,1.109352,1.101158,2025-01-16 20:33:07.590067,2025-01-16 15:33:07.590067
2025-01-16 20:26:48.149250,40.999,False,1.195561,6.9e-05,0.0,0.0,2025-01-16 20:33:08.589642,2025-01-16 15:33:08.589642
2025-01-16 20:26:48.149300,40.999,True,1.040151,1.074993,1.109283,1.101227,2025-01-16 20:33:08.589692,2025-01-16 15:33:08.589692
2025-01-16 20:26:49.149275,41.999,False,1.419277,6.9e-05,0.0,0.0,2025-01-16 20:33:09.589667,2025-01-16 15:33:09.589667
2025-01-16 20:26:49.149275,41.999,True,1.040082,1.074924,1.109283,1.101227,2025-01-16 20:33:09.589667,2025-01-16 15:33:09.589667
2025-01-16 20:26:50.150000,42.999,False,1.718804,6.9e-05,0.0,0.0,2025-01-16 20:33:10.590392,2025-01-16 15:33:10.590392
2025-01-16 20:26:50.150075,42.999,True,1.040151,1.07513,1.109077,1.101296,2025-01-16 20:33:10.590467,2025-01-16 15:33:10.590467
2025-01-16 20:26:51.149000,43.999,False,1.974538,6.9e-05,0.0,0.0,2025-01-16 20:33:11.589392,2025-01-16 15:33:11.589392
2025-01-16 20:26:51.149000,43.999,True,1.040013,1.075268,1.109008,1.101158,2025-01-16 20:33:11.589392,2025-01-16 15:33:11.589392
2025-01-16 20:26:52.149000,44.999,False,2.304224,6.9e-05,0.0,0.0,2025-01-16 20:33:12.589392,2025-01-16 15:33:12.589392
2025-01-16 20:26:52.149050,44.999,True,1.040151,1.07513,1.109352,1.101158,2025-01-16 20:33:12.589442,2025-01-16 15:33:12.589442
2025-01-16 20:26:53.148925,45.999,False,2.538338,6.9e-05,0.0,0.0,2025-01-16 20:33:13.589317,2025-01-16 15:33:13.589317
2025-01-16 20:26:53.148925,45.999,True,1.040082,1.074993,1.109283,1.101227,2025-01-16 20:33:13.589317,2025-01-16 15:33:13.589317
2025-01-16 20:26:54.149250,46.999,False,2.820375,6.9e-05,0.0,0.0,2025-01-16 20:33:14.589642,2025-01-16 15:33:14.589642
2025-01-16 20:26:54.149275,46.999,True,1.040082,1.075061,1.109077,1.101227,2025-01-16 20:33:14.589667,2025-01-16 15:33:14.589667
2025-01-16 20:26:55.149050,47.999,False,3.102412,6.9e-05,0.0,0.0,2025-01-16 20:33:15.589442,2025-01-16 15:33:15.589442
2025-01-16 20:26:55.149075,47.999,True,1.040151,1.074993,1.109146,1.10102,2025-01-16 20:33:15.589467,2025-01-16 15:33:15.589467
2025-01-16 20:26:56.148875,48.999,False,0.210702,6.9e-05,0.0,0.0,2025-01-16 20:33:16.589267,2025-01-16 15:33:16.589267
2025-01-16 20:26:56.148900,48.999,True,1.039944,1.074924,1.109008,1.101158,2025-01-16 20:33:16.589292,2025-01-16 15:33:16.589292
2025-01-16 20:26:57.149000,49.999,False,0.285756,6.9e-05,0.0,0.0,2025-01-16 20:33:17.589392,2025-01-16 15:33:17.589392
2025-01-16 20:26:57.149000,49.999,True,1.040082,1.074855,1.109146,1.100952,2025-01-16 20:33:17.589392,2025-01-16 15:33:17.589392
2025-01-16 20:26:58.148900,50.999,False,0.757907,6.9e-05,0.0,0.0,2025-01-16 20:33:18.589292,2025-01-16 15:33:18.589292
2025-01-16 20:26:58.148925,50.999,True,1.039944,1.074993,1.108939,1.101158,2025-01-16 20:33:18.589317,2025-01-16 15:33:18.589317
2025-01-16 20:26:59.148850,51.999,False,1.03843,6.9e-05,0.0,0.0,2025-01-16 20:33:19.589242,2025-01-16 15:33:19.589242
2025-01-16 20:26:59.148875,51.999,True,1.040013,1.074855,1.109008,1.10102,2025-01-16 20:33:19.589267,2025-01-16 15:33:19.589267
2025-01-16 20:27:00.148875,52.999,False,1.194666,6.9e-05,0.0,0.0,2025-01-16 20:33:20.589267,2025-01-16 15:33:20.589267
2025-01-16 20:27:00.148900,52.999,True,1.039876,1.074786,1.109008,1.100814,2025-01-16 20:33:20.589292,2025-01-16 15:33:20.589292
2025-01-16 20:27:01.149350,53.999,False,1.419277,6.9e-05,0.0,0.0,2025-01-16 20:33:21.589742,2025-01-16 15:33:21.589742
2025-01-16 20:27:01.149375,53.999,True,1.040151,1.074786,1.108939,1.10102,2025-01-16 20:33:21.589767,2025-01-16 15:33:21.589767
2025-01-16 20:27:02.148925,54.999,False,1.718735,6.9e-05,0.0,0.0,2025-01-16 20:33:22.589317,2025-01-16 15:33:22.589317
2025-01-16 20:27:02.148950,54.999,True,1.039944,1.074786,1.108801,1.100814,2025-01-16 20:33:22.589342,2025-01-16 15:33:22.589342
2025-01-16 20:27:03.148875,55.999,False,1.974538,6.9e-05,0.0,0.0,2025-01-16 20:33:23.589267,2025-01-16 15:33:23.589267
2025-01-16 20:27:03.148900,55.999,True,1.039944,1.074648,1.109077,1.10102,2025-01-16 20:33:23.589292,2025-01-16 15:33:23.589292
2025-01-16 20:27:04.148925,56.999,False,2.300024,6.9e-05,0.0,0.0,2025-01-16 20:33:24.589317,2025-01-16 15:33:24.589317
2025-01-16 20:27:04.148950,56.999,True,1.039876,1.074648,1.109077,1.100883,2025-01-16 20:33:24.589342,2025-01-16 15:33:24.589342
2025-01-16 20:27:05.148975,57.999,False,2.538338,6.9e-05,0.0,0.0,2025-01-16 20:33:25.589367,2025-01-16 15:33:25.589367
2025-01-16 20:27:05.149000,57.999,True,1.039876,1.074855,1.108732,1.100883,2025-01-16 20:33:25.589392,2025-01-16 15:33:25.589392
2025-01-16 20:27:06.149500,58.999,False,2.820375,6.9e-05,0.0,0.0,2025-01-16 20:33:26.589892,2025-01-16 15:33:26.589892
2025-01-16 20:27:06.149550,58.999,True,1.039944,1.074786,1.108801,1.100883,2025-01-16 20:33:26.589942,2025-01-16 15:33:26.589942
2025-01-16 20:27:07.148925,59.999,False,3.102412,6.9e-05,0.0,0.0,2025-01-16 20:33:27.589317,2025-01-16 15:33:27.589317
2025-01-16 20:27:07.148925,59.999,True,1.039807,1.074579,1.108801,1.100745,2025-01-16 20:33:27.589317,2025-01-16 15:33:27.589317
2025-01-16 20:27:08.149025,60.999,False,0.210702,6.9e-05,0.0,0.0,2025-01-16 20:33:28.589417,2025-01-16 15:33:28.589417
2025-01-16 20:27:08.149050,60.999,True,1.039738,1.074442,1.108801,1.10102,2025-01-16 20:33:28.589442,2025-01-16 15:33:28.589442
2025-01-16 20:27:09.149000,61.999,False,0.285756,6.9e-05,0.0,0.0,2025-01-16 20:33:29.589392,2025-01-16 15:33:29.589392
2025-01-16 20:27:09.149000,61.999,True,1.039876,1.074648,1.10887,1.10102,2025-01-16 20:33:29.589392,2025-01-16 15:33:29.589392
2025-01-16 20:27:10.148900,62.999,False,0.757907,6.9e-05,0.0,0.0,2025-01-16 20:33:30.589292,2025-01-16 15:33:30.589292
2025-01-16 20:27:10.148900,62.999,True,1.039738,1.074511,1.108595,1.100814,2025-01-16 20:33:30.589292,2025-01-16 15:33:30.589292
2025-01-16 20:27:11.149575,63.999,False,1.038498,6.9e-05,0.0,0.0,2025-01-16 20:33:31.589967,2025-01-16 15:33:31.589967
2025-01-16 20:27:11.149600,63.999,True,1.039531,1.074579,1.108595,1.100745,2025-01-16 20:33:31.589992,2025-01-16 15:33:31.589992
2025-01-16 20:27:12.151325,64.999,False,1.195423,6.9e-05,0.0,0.0,2025-01-16 20:33:32.591717,2025-01-16 15:33:32.591717
2025-01-16 20:27:12.151325,64.999,True,1.039876,1.074442,1.108595,1.100883,2025-01-16 20:33:32.591717,2025-01-16 15:33:32.591717
2025-01-16 20:27:13.149200,65.999,False,1.419277,6.9e-05,0.0,0.0,2025-01-16 20:33:33.589592,2025-01-16 15:33:33.589592
2025-01-16 20:27:13.149200,65.999,True,1.0396,1.074579,1.10887,1.100814,2025-01-16 20:33:33.589592,2025-01-16 15:33:33.589592
2025-01-16 20:27:14.149125,66.999,False,1.718804,6.9e-05,0.0,0.0,2025-01-16 20:33:34.589517,2025-01-16 15:33:34.589517
2025-01-16 20:27:14.149125,66.999,True,1.0396,1.074579,1.108664,1.100745,2025-01-16 20:33:34.589517,2025-01-16 15:33:34.589517
2025-01-16 20:27:15.148950,67.999,False,1.974538,6.9e-05,0.0,0.0,2025-01-16 20:33:35.589342,2025-01-16 15:33:35.589342
2025-01-16 20:27:15.148975,67.999,True,1.039669,1.074511,1.108595,1.100814,2025-01-16 20:33:35.589367,2025-01-16 15:33:35.589367
2025-01-16 20:27:16.149025,68.999,False,2.305533,6.9e-05,0.0,0.0,2025-01-16 20:33:36.589417,2025-01-16 15:33:36.589417
2025-01-16 20:27:16.149025,68.999,True,1.039876,1.074442,1.108732,1.100883,2025-01-16 20:33:36.589417,2025-01-16 15:33:36.589417
2025-01-16 20:27:17.149150,69.999,False,2.538338,6.9e-05,0.0,0.0,2025-01-16 20:33:37.589542,2025-01-16 15:33:37.589542
2025-01-16 20:27:17.149175,69.999,True,1.0396,1.074304,1.108526,1.100676,2025-01-16 20:33:37.589567,2025-01-16 15:33:37.589567
2025-01-16 20:27:18.149200,70.999,False,2.820375,6.9e-05,0.0,0.0,2025-01-16 20:33:38.589592,2025-01-16 15:33:38.589592
2025-01-16 20:27:18.149200,70.999,True,1.039738,1.074511,1.108664,1.100883,2025-01-16 20:33:38.589592,2025-01-16 15:33:38.589592
2025-01-16 20:27:19.148925,71.999,False,3.102412,6.9e-05,0.0,0.0,2025-01-16 20:33:39.589317,2025-01-16 15:33:39.589317
2025-01-16 20:27:19.148925,71.999,True,1.0396,1.074235,1.108595,1.100883,2025-01-16 20:33:39.589317,2025-01-16 15:33:39.589317
2025-01-16 20:27:20.149150,72.999,False,0.210702,6.9e-05,0.0,0.0,2025-01-16 20:33:40.589542,2025-01-16 15:33:40.589542
2025-01-16 20:27:20.149175,72.999,True,1.0396,1.074511,1.108664,1.100883,2025-01-16 20:33:40.589567,2025-01-16 15:33:40.589567
2025-01-16 20:27:21.148925,73.999,False,0.285756,6.9e-05,0.0,0.0,2025-01-16 20:33:41.589317,2025-01-16 15:33:41.589317
2025-01-16 20:27:21.148950,73.999,True,1.0396,1.074235,1.108457,1.100814,2025-01-16 20:33:41.589342,2025-01-16 15:33:41.589342
2025-01-16 20:27:22.149300,74.999,False,0.757976,6.9e-05,0.0,0.0,2025-01-16 20:33:42.589692,2025-01-16 15:33:42.589692
2025-01-16 20:27:22.149300,74.999,True,1.0396,1.074442,1.108664,1.100607,2025-01-16 20:33:42.589692,2025-01-16 15:33:42.589692
2025-01-16 20:27:23.149175,75.999,False,1.038498,6.9e-05,0.0,0.0,2025-01-16 20:33:43.589567,2025-01-16 15:33:43.589567
2025-01-16 20:27:23.149175,75.999,True,1.039462,1.074442,1.108457,1.100538,2025-01-16 20:33:43.589567,2025-01-16 15:33:43.589567
2025-01-16 20:27:24.148950,76.999,False,1.195354,6.9e-05,0.0,0.0,2025-01-16 20:33:44.589342,2025-01-16 15:33:44.589342
2025-01-16 20:27:24.148975,76.999,True,1.0396,1.074304,1.108595,1.100538,2025-01-16 20:33:44.589367,2025-01-16 15:33:44.589367
2025-01-16 20:27:25.148975,77.999,False,1.419277,6.9e-05,0.0,0.0,2025-01-16 20:33:45.589367,2025-01-16 15:33:45.589367
2025-01-16 20:27:25.148975,77.999,True,1.039531,1.074304,1.108595,1.100745,2025-01-16 20:33:45.589367,2025-01-16 15:33:45.589367
2025-01-16 20:27:26.148900,78.999,False,1.718735,6.9e-05,0.0,0.0,2025-01-16 20:33:46.589292,2025-01-16 15:33:46.589292
2025-01-16 20:27:26.148975,78.999,True,1.0396,1.074373,1.108388,1.100607,2025-01-16 20:33:46.589367,2025-01-16 15:33:46.589367
2025-01-16 20:27:27.149050,79.999,False,1.974538,6.9e-05,0.0,0.0,2025-01-16 20:33:47.589442,2025-01-16 15:33:47.589442
2025-01-16 20:27:27.149075,79.999,True,1.039462,1.074235,1.108595,1.100401,2025-01-16 20:33:47.589467,2025-01-16 15:33:47.589467
2025-01-16 20:27:28.148875,80.999,False,2.307805,6.9e-05,0.0,0.0,2025-01-16 20:33:48.589267,2025-01-16 15:33:48.589267
2025-01-16 20:27:28.148875,80.999,True,1.039256,1.074304,1.108457,1.100676,2025-01-16 20:33:48.589267,2025-01-16 15:33:48.589267
2025-01-16 20:27:29.148950,81.999,False,2.538338,6.9e-05,0.0,0.0,2025-01-16 20:33:49.589342,2025-01-16 15:33:49.589342
2025-01-16 20:27:29.148950,81.999,True,1.0396,1.074304,1.108526,1.100676,2025-01-16 20:33:49.589342,2025-01-16 15:33:49.589342
2025-01-16 20:27:30.148975,82.999,False,2.820375,6.9e-05,0.0,0.0,2025-01-16 20:33:50.589367,2025-01-16 15:33:50.589367
2025-01-16 20:27:30.148975,82.999,True,1.039394,1.074166,1.108457,1.100263,2025-01-16 20:33:50.589367,2025-01-16 15:33:50.589367
2025-01-16 20:27:31.149000,83.999,False,3.102412,6.9e-05,0.0,0.0,2025-01-16 20:33:51.589392,2025-01-16 15:33:51.589392
2025-01-16 20:27:31.149025,83.999,True,1.039531,1.074029,1.108388,1.100401,2025-01-16 20:33:51.589417,2025-01-16 15:33:51.589417
2025-01-16 20:27:32.149000,84.999,False,0.210702,6.9e-05,0.0,0.0,2025-01-16 20:33:52.589392,2025-01-16 15:33:52.589392
2025-01-16 20:27:32.149025,84.999,True,1.0396,1.074166,1.108388,1.100538,2025-01-16 20:33:52.589417,2025-01-16 15:33:52.589417
2025-01-16 20:27:33.149350,85.999,False,0.285756,6.9e-05,0.0,0.0,2025-01-16 20:33:53.589742,2025-01-16 15:33:53.589742
2025-01-16 20:27:33.149375,85.999,True,1.039325,1.074373,1.108388,1.100607,2025-01-16 20:33:53.589767,2025-01-16 15:33:53.589767
2025-01-16 20:27:34.149775,86.999,False,0.757907,6.9e-05,0.0,0.0,2025-01-16 20:33:54.590167,2025-01-16 15:33:54.590167
2025-01-16 20:27:34.149775,86.999,True,1.039325,1.074097,1.10825,1.100538,2025-01-16 20:33:54.590167,2025-01-16 15:33:54.590167
2025-01-16 20:27:35.148975,87.999,False,1.038498,6.9e-05,0.0,0.0,2025-01-16 20:33:55.589367,2025-01-16 15:33:55.589367
2025-01-16 20:27:35.149000,87.999,True,1.039256,1.074166,1.10825,1.100538,2025-01-16 20:33:55.589392,2025-01-16 15:33:55.589392
2025-01-16 20:27:36.148975,88.999,False,1.195699,6.9e-05,0.0,0.0,2025-01-16 20:33:56.589367,2025-01-16 15:33:56.589367
2025-01-16 20:27:36.149075,88.999,True,1.0396,1.074235,1.10825,1.100538,2025-01-16 20:33:56.589467,2025-01-16 15:33:56.589467
2025-01-16 20:27:37.149625,89.999,False,1.419277,6.9e-05,0.0,0.0,2025-01-16 20:33:57.590017,2025-01-16 15:33:57.590017
2025-01-16 20:27:37.149650,89.999,True,1.039394,1.074097,1.10825,1.100538,2025-01-16 20:33:57.590042,2025-01-16 15:33:57.590042
2025-01-16 20:27:38.149400,90.999,False,1.718804,6.9e-05,0.0,0.0,2025-01-16 20:33:58.589792,2025-01-16 15:33:58.589792
2025-01-16 20:27:38.149425,90.999,True,1.039462,1.074304,1.10825,1.100538,2025-01-16 20:33:58.589817,2025-01-16 15:33:58.589817
2025-01-16 20:27:39.149050,91.999,False,1.974538,6.9e-05,0.0,0.0,2025-01-16 20:33:59.589442,2025-01-16 15:33:59.589442
2025-01-16 20:27:39.149075,91.999,True,1.039394,1.074235,1.108388,1.100538,2025-01-16 20:33:59.589467,2025-01-16 15:33:59.589467
2025-01-16 20:27:40.148900,92.999,False,2.30567,6.9e-05,0.0,0.0,2025-01-16 20:34:00.589292,2025-01-16 15:34:00.589292
2025-01-16 20:27:40.148900,92.999,True,1.039325,1.074166,1.10825,1.100538,2025-01-16 20:34:00.589292,2025-01-16 15:34:00.589292
2025-01-16 20:27:41.149850,93.999,False,2.538338,6.9e-05,0.0,0.0,2025-01-16 20:34:01.590242,2025-01-16 15:34:01.590242
2025-01-16 20:27:41.149850,93.999,True,1.039325,1.074235,1.10825,1.100676,2025-01-16 20:34:01.590242,2025-01-16 15:34:01.590242
2025-01-16 20:27:42.149775,94.999,False,2.820375,6.9e-05,0.0,0.0,2025-01-16 20:34:02.590167,2025-01-16 15:34:02.590167
2025-01-16 20:27:42.149825,94.999,True,1.039394,1.074166,1.10825,1.100332,2025-01-16 20:34:02.590217,2025-01-16 15:34:02.590217
2025-01-16 20:27:43.149775,95.999,False,3.102412,6.9e-05,0.0,0.0,2025-01-16 20:34:03.590167,2025-01-16 15:34:03.590167
2025-01-16 20:27:43.149800,95.999,True,1.039325,1.07396,1.108388,1.100401,2025-01-16 20:34:03.590192,2025-01-16 15:34:03.590192
2025-01-16 20:27:44.149700,96.999,False,0.210702,6.9e-05,0.0,0.0,2025-01-16 20:34:04.590092,2025-01-16 15:34:04.590092
2025-01-16 20:27:44.149725,96.999,True,1.039256,1.074029,1.108182,1.100401,2025-01-16 20:34:04.590117,2025-01-16 15:34:04.590117
2025-01-16 20:27:45.149875,97.999,False,0.285756,6.9e-05,0.0,0.0,2025-01-16 20:34:05.590267,2025-01-16 15:34:05.590267
2025-01-16 20:27:45.149925,97.999,True,1.039462,1.074166,1.108182,1.100263,2025-01-16 20:34:05.590317,2025-01-16 15:34:05.590317
2025-01-16 20:27:46.149750,98.999,False,0.757907,6.9e-05,0.0,0.0,2025-01-16 20:34:06.590142,2025-01-16 15:34:06.590142
2025-01-16 20:27:46.149775,98.999,True,1.039394,1.074097,1.10825,1.100332,2025-01-16 20:34:06.590167,2025-01-16 15:34:06.590167
2025-01-16 20:27:47.149675,99.999,False,1.038498,6.9e-05,0.0,0.0,2025-01-16 20:34:07.590067,2025-01-16 15:34:07.590067
2025-01-16 20:27:47.149675,99.999,True,1.039256,1.07396,1.108113,1.100194,2025-01-16 20:34:07.590067,2025-01-16 15:34:07.590067
2025-01-16 20:27:48.149675,100.999,False,1.195767,6.9e-05,0.0,0.0,2025-01-16 20:34:08.590067,2025-01-16 15:34:08.590067
2025-01-16 20:27:48.149675,100.999,True,1.039256,1.074029,1.108113,1.100263,2025-01-16 20:34:08.590067,2025-01-16 15:34:08.590067
2025-01-16 20:27:49.149700,101.999,False,1.419277,6.9e-05,0.0,0.0,2025-01-16 20:34:09.590092,2025-01-16 15:34:09.590092
2025-01-16 20:27:49.149725,101.999,True,1.039256,1.073891,1.108113,1.100332,2025-01-16 20:34:09.590117,2025-01-16 15:34:09.590117
2025-01-16 20:27:50.149800,102.999,False,1.718804,6.9e-05,0.0,0.0,2025-01-16 20:34:10.590192,2025-01-16 15:34:10.590192
2025-01-16 20:27:50.149800,102.999,True,1.039256,1.074029,1.108113,1.100263,2025-01-16 20:34:10.590192,2025-01-16 15:34:10.590192
2025-01-16 20:27:51.149825,103.999,False,1.974538,6.9e-05,0.0,0.0,2025-01-16 20:34:11.590217,2025-01-16 15:34:11.590217
2025-01-16 20:27:51.149850,103.999,True,1.039187,1.074029,1.10825,1.100401,2025-01-16 20:34:11.590242,2025-01-16 15:34:11.590242
2025-01-16 20:27:52.149750,104.999,False,2.303811,6.9e-05,0.0,0.0,2025-01-16 20:34:12.590142,2025-01-16 15:34:12.590142
2025-01-16 20:27:52.149750,104.999,True,1.039325,1.07396,1.108044,1.100263,2025-01-16 20:34:12.590142,2025-01-16 15:34:12.590142
2025-01-16 20:27:53.149725,105.999,False,2.538338,6.9e-05,0.0,0.0,2025-01-16 20:34:13.590117,2025-01-16 15:34:13.590117
2025-01-16 20:27:53.149725,105.999,True,1.039118,1.073891,1.107975,1.100332,2025-01-16 20:34:13.590117,2025-01-16 15:34:13.590117
2025-01-16 20:27:54.149725,106.999,False,2.820375,6.9e-05,0.0,0.0,2025-01-16 20:34:14.590117,2025-01-16 15:34:14.590117
2025-01-16 20:27:54.149750,106.999,True,1.039325,1.073891,1.107837,1.100332,2025-01-16 20:34:14.590142,2025-01-16 15:34:14.590142
2025-01-16 20:27:55.149900,107.999,False,3.102412,6.9e-05,0.0,0.0,2025-01-16 20:34:15.590292,2025-01-16 15:34:15.590292
2025-01-16 20:27:55.149925,107.999,True,1.039118,1.073822,1.108044,1.100538,2025-01-16 20:34:15.590317,2025-01-16 15:34:15.590317
2025-01-16 20:27:56.151500,108.999,False,0.210633,6.9e-05,0.0,0.0,2025-01-16 20:34:16.591892,2025-01-16 15:34:16.591892
2025-01-16 20:27:56.151500,108.999,True,1.039187,1.07396,1.108044,1.100125,2025-01-16 20:34:16.591892,2025-01-16 15:34:16.591892
2025-01-16 20:27:57.149725,109.999,False,0.285756,6.9e-05,0.0,0.0,2025-01-16 20:34:17.590117,2025-01-16 15:34:17.590117
2025-01-16 20:27:57.149725,109.999,True,1.039187,1.073684,1.108113,1.100263,2025-01-16 20:34:17.590117,2025-01-16 15:34:17.590117
2025-01-16 20:27:58.149900,110.999,False,0.757907,6.9e-05,0.0,0.0,2025-01-16 20:34:18.590292,2025-01-16 15:34:18.590292
2025-01-16 20:27:58.149925,110.999,True,1.039256,1.073891,1.107906,1.100125,2025-01-16 20:34:18.590317,2025-01-16 15:34:18.590317
2025-01-16 20:27:59.149775,111.999,False,1.038498,6.9e-05,0.0,0.0,2025-01-16 20:34:19.590167,2025-01-16 15:34:19.590167
2025-01-16 20:27:59.149775,111.999,True,1.039049,1.073822,1.1077,1.100125,2025-01-16 20:34:19.590167,2025-01-16 15:34:19.590167
2025-01-16 20:28:00.149800,112.999,False,1.195836,6.9e-05,0.0,0.0,2025-01-16 20:34:20.590192,2025-01-16 15:34:20.590192
2025-01-16 20:28:00.149825,112.999,True,1.039049,1.073891,1.108044,1.100194,2025-01-16 20:34:20.590217,2025-01-16 15:34:20.590217
2025-01-16 20:28:01.149725,113.999,False,1.419345,6.9e-05,0.0,0.0,2025-01-16 20:34:21.590117,2025-01-16 15:34:21.590117
2025-01-16 20:28:01.149725,113.999,True,1.039118,1.073684,1.107837,1.100263,2025-01-16 20:34:21.590117,2025-01-16 15:34:21.590117
2025-01-16 20:28:02.149825,114.999,False,1.718873,6.9e-05,0.0,0.0,2025-01-16 20:34:22.590217,2025-01-16 15:34:22.590217
2025-01-16 20:28:02.149825,114.999,True,1.038912,1.073891,1.107837,1.100125,2025-01-16 20:34:22.590217,2025-01-16 15:34:22.590217
2025-01-16 20:28:03.149675,115.999,False,1.974538,6.9e-05,0.0,0.0,2025-01-16 20:34:23.590067,2025-01-16 15:34:23.590067
2025-01-16 20:28:03.149700,115.999,True,1.03898,1.073753,1.107906,1.100194,2025-01-16 20:34:23.590092,2025-01-16 15:34:23.590092
2025-01-16 20:28:04.149825,116.999,False,2.305051,6.9e-05,0.0,0.0,2025-01-16 20:34:24.590217,2025-01-16 15:34:24.590217
2025-01-16 20:28:04.149850,116.999,True,1.038912,1.073822,1.107837,1.100125,2025-01-16 20:34:24.590242,2025-01-16 15:34:24.590242
2025-01-16 20:28:05.149675,117.999,False,2.538338,6.9e-05,0.0,0.0,2025-01-16 20:34:25.590067,2025-01-16 15:34:25.590067
2025-01-16 20:28:05.149700,117.999,True,1.039049,1.073615,1.107768,1.100194,2025-01-16 20:34:25.590092,2025-01-16 15:34:25.590092
2025-01-16 20:28:06.149700,118.999,False,2.820375,6.9e-05,0.0,0.0,2025-01-16 20:34:26.590092,2025-01-16 15:34:26.590092
2025-01-16 20:28:06.149725,118.999,True,1.039118,1.073615,1.107906,1.100125,2025-01-16 20:34:26.590117,2025-01-16 15:34:26.590117
2025-01-16 20:28:07.149850,119.999,False,3.102412,6.9e-05,0.0,0.0,2025-01-16 20:34:27.590242,2025-01-16 15:34:27.590242
2025-01-16 20:28:07.149875,119.999,True,1.03898,1.073753,1.107768,1.100125,2025-01-16 20:34:27.590267,2025-01-16 15:34:27.590267
2025-01-16 20:28:08.150725,120.999,False,0.210633,6.9e-05,0.0,0.0,2025-01-16 20:34:28.591117,2025-01-16 15:34:28.591117
2025-01-16 20:28:08.150750,120.999,True,1.039049,1.073547,1.107906,1.100125,2025-01-16 20:34:28.591142,2025-01-16 15:34:28.591142
2025-01-16 20:28:09.150725,121.999,False,0.285756,6.9e-05,0.0,0.0,2025-01-16 20:34:29.591117,2025-01-16 15:34:29.591117
2025-01-16 20:28:09.150750,121.999,True,1.039049,1.073753,1.107768,1.100056,2025-01-16 20:34:29.591142,2025-01-16 15:34:29.591142
2025-01-16 20:28:10.150875,122.999,False,0.757907,6.9e-05,0.0,0.0,2025-01-16 20:34:30.591267,2025-01-16 15:34:30.591267
2025-01-16 20:28:10.150875,122.999,True,1.038705,1.073753,1.107631,1.099988,2025-01-16 20:34:30.591267,2025-01-16 15:34:30.591267
2025-01-16 20:28:11.150750,123.999,False,1.038567,6.9e-05,0.0,0.0,2025-01-16 20:34:31.591142,2025-01-16 15:34:31.591142
2025-01-16 20:28:11.150775,123.999,True,1.039049,1.073615,1.107975,1.100194,2025-01-16 20:34:31.591167,2025-01-16 15:34:31.591167
2025-01-16 20:28:12.150775,124.999,False,1.195561,6.9e-05,0.0,0.0,2025-01-16 20:34:32.591167,2025-01-16 15:34:32.591167
2025-01-16 20:28:12.150800,124.999,True,1.038843,1.073615,1.107837,1.100056,2025-01-16 20:34:32.591192,2025-01-16 15:34:32.591192
2025-01-16 20:28:13.150775,125.999,False,1.419277,6.9e-05,0.0,0.0,2025-01-16 20:34:33.591167,2025-01-16 15:34:33.591167
2025-01-16 20:28:13.150800,125.999,True,1.039187,1.073615,1.107631,1.100125,2025-01-16 20:34:33.591192,2025-01-16 15:34:33.591192
2025-01-16 20:28:14.150700,126.999,False,1.718804,6.9e-05,0.0,0.0,2025-01-16 20:34:34.591092,2025-01-16 15:34:34.591092
2025-01-16 20:28:14.150725,126.999,True,1.038843,1.073547,1.107768,1.100056,2025-01-16 20:34:34.591117,2025-01-16 15:34:34.591117
2025-01-16 20:28:15.150725,127.999,False,1.974538,6.9e-05,0.0,0.0,2025-01-16 20:34:35.591117,2025-01-16 15:34:35.591117
2025-01-16 20:28:15.150725,127.999,True,1.03898,1.073615,1.107906,1.100194,2025-01-16 20:34:35.591117,2025-01-16 15:34:35.591117
2025-01-16 20:28:16.150725,128.999,False,2.310077,6.9e-05,0.0,0.0,2025-01-16 20:34:36.591117,2025-01-16 15:34:36.591117
2025-01-16 20:28:16.150725,128.999,True,1.03898,1.073684,1.107837,1.099988,2025-01-16 20:34:36.591117,2025-01-16 15:34:36.591117
2025-01-16 20:28:17.150750,129.999,False,2.538338,6.9e-05,0.0,0.0,2025-01-16 20:34:37.591142,2025-01-16 15:34:37.591142
2025-01-16 20:28:17.150750,129.999,True,1.03898,1.073547,1.107768,1.100125,2025-01-16 20:34:37.591142,2025-01-16 15:34:37.591142
2025-01-16 20:28:18.150875,130.999,False,2.820375,6.9e-05,0.0,0.0,2025-01-16 20:34:38.591267,2025-01-16 15:34:38.591267
2025-01-16 20:28:18.150900,130.999,True,1.039049,1.073615,1.107768,1.099988,2025-01-16 20:34:38.591292,2025-01-16 15:34:38.591292
2025-01-16 20:28:19.150850,131.999,False,3.102412,6.9e-05,0.0,0.0,2025-01-16 20:34:39.591242,2025-01-16 15:34:39.591242
2025-01-16 20:28:19.150850,131.999,True,1.03898,1.073615,1.107768,1.09985,2025-01-16 20:34:39.591242,2025-01-16 15:34:39.591242
2025-01-16 20:28:20.150725,132.999,False,0.210633,6.9e-05,0.0,0.0,2025-01-16 20:34:40.591117,2025-01-16 15:34:40.591117
2025-01-16 20:28:20.150750,132.999,True,1.03898,1.073753,1.107768,1.099919,2025-01-16 20:34:40.591142,2025-01-16 15:34:40.591142
2025-01-16 20:28:21.150725,133.999,False,0.285756,6.9e-05,0.0,0.0,2025-01-16 20:34:41.591117,2025-01-16 15:34:41.591117
2025-01-16 20:28:21.150725,133.999,True,1.038912,1.073615,1.1077,1.099988,2025-01-16 20:34:41.591117,2025-01-16 15:34:41.591117
2025-01-16 20:28:22.150700,134.999,False,0.757907,6.9e-05,0.0,0.0,2025-01-16 20:34:42.591092,2025-01-16 15:34:42.591092
2025-01-16 20:28:22.150725,134.999,True,1.03898,1.073753,1.107562,1.099919,2025-01-16 20:34:42.591117,2025-01-16 15:34:42.591117
2025-01-16 20:28:23.150700,135.999,False,1.038567,6.9e-05,0.0,0.0,2025-01-16 20:34:43.591092,2025-01-16 15:34:43.591092
2025-01-16 20:28:23.150725,135.999,True,1.038774,1.073547,1.107631,1.099988,2025-01-16 20:34:43.591117,2025-01-16 15:34:43.591117
2025-01-16 20:28:24.150675,136.999,False,1.195423,6.9e-05,0.0,0.0,2025-01-16 20:34:44.591067,2025-01-16 15:34:44.591067
2025-01-16 20:28:24.150700,136.999,True,1.038912,1.073547,1.107562,1.100125,2025-01-16 20:34:44.591092,2025-01-16 15:34:44.591092
2025-01-16 20:28:25.150725,137.999,False,1.419277,6.9e-05,0.0,0.0,2025-01-16 20:34:45.591117,2025-01-16 15:34:45.591117
2025-01-16 20:28:25.150750,137.999,True,1.038843,1.073615,1.107631,1.099919,2025-01-16 20:34:45.591142,2025-01-16 15:34:45.591142
2025-01-16 20:28:26.150725,138.999,False,1.718873,6.9e-05,0.0,0.0,2025-01-16 20:34:46.591117,2025-01-16 15:34:46.591117
2025-01-16 20:28:26.150750,138.999,True,1.038774,1.073547,1.1077,1.100056,2025-01-16 20:34:46.591142,2025-01-16 15:34:46.591142
2025-01-16 20:28:27.151275,139.999,False,1.974538,6.9e-05,0.0,0.0,2025-01-16 20:34:47.591667,2025-01-16 15:34:47.591667
2025-01-16 20:28:27.151300,139.999,True,1.038705,1.073478,1.1077,1.100056,2025-01-16 20:34:47.591692,2025-01-16 15:34:47.591692
2025-01-16 20:28:28.150775,140.999,False,2.304637,6.9e-05,0.0,0.0,2025-01-16 20:34:48.591167,2025-01-16 15:34:48.591167
2025-01-16 20:28:28.150800,140.999,True,1.038843,1.073478,1.107631,1.099988,2025-01-16 20:34:48.591192,2025-01-16 15:34:48.591192
2025-01-16 20:28:29.152050,141.999,False,2.538338,6.9e-05,0.0,0.0,2025-01-16 20:34:49.592442,2025-01-16 15:34:49.592442
2025-01-16 20:28:29.152050,141.999,True,1.038705,1.073409,1.107631,1.09985,2025-01-16 20:34:49.592442,2025-01-16 15:34:49.592442
2025-01-16 20:28:30.150800,142.999,False,2.820375,6.9e-05,0.0,0.0,2025-01-16 20:34:50.591192,2025-01-16 15:34:50.591192
2025-01-16 20:28:30.150800,142.999,True,1.03898,1.073409,1.107631,1.099988,2025-01-16 20:34:50.591192,2025-01-16 15:34:50.591192
2025-01-16 20:28:31.150700,143.999,False,3.102412,6.9e-05,0.0,0.0,2025-01-16 20:34:51.591092,2025-01-16 15:34:51.591092
2025-01-16 20:28:31.150725,143.999,True,1.03898,1.073478,1.107631,1.099988,2025-01-16 20:34:51.591117,2025-01-16 15:34:51.591117
2025-01-16 20:28:32.151000,144.999,False,0.210633,6.9e-05,0.0,0.0,2025-01-16 20:34:52.591392,2025-01-16 15:34:52.591392
2025-01-16 20:28:32.151000,144.999,True,1.038843,1.073409,1.107631,1.100194,2025-01-16 20:34:52.591392,2025-01-16 15:34:52.591392
2025-01-16 20:28:33.150825,145.999,False,0.285756,6.9e-05,0.0,0.0,2025-01-16 20:34:53.591217,2025-01-16 15:34:53.591217
2025-01-16 20:28:33.150825,145.999,True,1.038774,1.073478,1.107562,1.099988,2025-01-16 20:34:53.591217,2025-01-16 15:34:53.591217
2025-01-16 20:28:34.150750,146.999,False,0.757907,6.9e-05,0.0,0.0,2025-01-16 20:34:54.591142,2025-01-16 15:34:54.591142
2025-01-16 20:28:34.151125,146.999,True,1.038912,1.07334,1.107631,1.100056,2025-01-16 20:34:54.591517,2025-01-16 15:34:54.591517
2025-01-16 20:28:35.150875,147.999,False,1.038636,6.9e-05,0.0,0.0,2025-01-16 20:34:55.591267,2025-01-16 15:34:55.591267
2025-01-16 20:28:35.150875,147.999,True,1.038843,1.073409,1.107493,1.100056,2025-01-16 20:34:55.591267,2025-01-16 15:34:55.591267
2025-01-16 20:28:36.150700,148.999,False,1.195492,6.9e-05,0.0,0.0,2025-01-16 20:34:56.591092,2025-01-16 15:34:56.591092
2025-01-16 20:28:36.150725,148.999,True,1.038567,1.073753,1.107493,1.099988,2025-01-16 20:34:56.591117,2025-01-16 15:34:56.591117
2025-01-16 20:28:37.150725,149.999,False,1.419277,6.9e-05,0.0,0.0,2025-01-16 20:34:57.591117,2025-01-16 15:34:57.591117
2025-01-16 20:28:37.150725,149.999,True,1.038912,1.073409,1.107493,1.09985,2025-01-16 20:34:57.591117,2025-01-16 15:34:57.591117
2025-01-16 20:28:38.151025,150.999,False,1.718804,6.9e-05,0.0,0.0,2025-01-16 20:34:58.591417,2025-01-16 15:34:58.591417
2025-01-16 20:28:38.151050,150.999,True,1.038774,1.073409,1.107631,1.100125,2025-01-16 20:34:58.591442,2025-01-16 15:34:58.591442
2025-01-16 20:28:39.150775,151.999,False,1.974538,6.9e-05,0.0,0.0,2025-01-16 20:34:59.591167,2025-01-16 15:34:59.591167
2025-01-16 20:28:39.150775,151.999,True,1.038705,1.073478,1.107631,1.099988,2025-01-16 20:34:59.591167,2025-01-16 15:34:59.591167
2025-01-16 20:28:40.151700,152.999,False,2.303742,6.9e-05,0.0,0.0,2025-01-16 20:35:00.592092,2025-01-16 15:35:00.592092
2025-01-16 20:28:40.151700,152.999,True,1.038774,1.073271,1.107562,1.09985,2025-01-16 20:35:00.592092,2025-01-16 15:35:00.592092
2025-01-16 20:28:41.150750,153.999,False,2.538338,6.9e-05,0.0,0.0,2025-01-16 20:35:01.591142,2025-01-16 15:35:01.591142
2025-01-16 20:28:41.150775,153.999,True,1.038567,1.073133,1.107424,1.099712,2025-01-16 20:35:01.591167,2025-01-16 15:35:01.591167
2025-01-16 20:28:42.150925,154.999,False,2.820375,6.9e-05,0.0,0.0,2025-01-16 20:35:02.591317,2025-01-16 15:35:02.591317
2025-01-16 20:28:42.150925,154.999,True,1.038636,1.073271,1.107355,1.099712,2025-01-16 20:35:02.591317,2025-01-16 15:35:02.591317
2025-01-16 20:28:43.150800,155.999,False,3.102412,6.9e-05,0.0,0.0,2025-01-16 20:35:03.591192,2025-01-16 15:35:03.591192
2025-01-16 20:28:43.150800,155.999,True,1.038774,1.07334,1.107355,1.099988,2025-01-16 20:35:03.591192,2025-01-16 15:35:03.591192
2025-01-16 20:28:44.150800,156.999,False,0.210633,6.9e-05,0.0,0.0,2025-01-16 20:35:04.591192,2025-01-16 15:35:04.591192
2025-01-16 20:28:44.150850,156.999,True,1.038705,1.073133,1.107424,1.09985,2025-01-16 20:35:04.591242,2025-01-16 15:35:04.591242
2025-01-16 20:28:45.150825,157.999,False,0.285756,6.9e-05,0.0,0.0,2025-01-16 20:35:05.591217,2025-01-16 15:35:05.591217
2025-01-16 20:28:45.150825,157.999,True,1.038567,1.07334,1.107562,1.09985,2025-01-16 20:35:05.591217,2025-01-16 15:35:05.591217
2025-01-16 20:28:46.150800,158.999,False,0.757907,6.9e-05,0.0,0.0,2025-01-16 20:35:06.591192,2025-01-16 15:35:06.591192
2025-01-16 20:28:46.150825,158.999,True,1.038774,1.073133,1.107493,1.099919,2025-01-16 20:35:06.591217,2025-01-16 15:35:06.591217
2025-01-16 20:28:47.150850,159.999,False,1.038636,6.9e-05,0.0,0.0,2025-01-16 20:35:07.591242,2025-01-16 15:35:07.591242
2025-01-16 20:28:47.150850,159.999,True,1.038567,1.073202,1.107562,1.099781,2025-01-16 20:35:07.591242,2025-01-16 15:35:07.591242
2025-01-16 20:28:48.150750,160.999,False,1.195354,6.9e-05,0.0,0.0,2025-01-16 20:35:08.591142,2025-01-16 15:35:08.591142
2025-01-16 20:28:48.150750,160.999,True,1.038498,1.073271,1.107493,1.09985,2025-01-16 20:35:08.591142,2025-01-16 15:35:08.591142
2025-01-16 20:28:49.150750,161.999,False,1.419277,6.9e-05,0.0,0.0,2025-01-16 20:35:09.591142,2025-01-16 15:35:09.591142
2025-01-16 20:28:49.150750,161.999,True,1.038774,1.073202,1.107562,1.09985,2025-01-16 20:35:09.591142,2025-01-16 15:35:09.591142
2025-01-16 20:28:50.150850,162.999,False,1.718804,6.9e-05,0.0,0.0,2025-01-16 20:35:10.591242,2025-01-16 15:35:10.591242
2025-01-16 20:28:50.150900,162.999,True,1.038912,1.073133,1.107286,1.09985,2025-01-16 20:35:10.591292,2025-01-16 15:35:10.591292
2025-01-16 20:28:51.151025,163.999,False,1.974538,6.9e-05,0.0,0.0,2025-01-16 20:35:11.591417,2025-01-16 15:35:11.591417
2025-01-16 20:28:51.151050,163.999,True,1.038774,1.073202,1.107562,1.099712,2025-01-16 20:35:11.591442,2025-01-16 15:35:11.591442
2025-01-16 20:28:52.150750,164.999,False,2.305326,6.9e-05,0.0,0.0,2025-01-16 20:35:12.591142,2025-01-16 15:35:12.591142
2025-01-16 20:28:52.150775,164.999,True,1.038636,1.07334,1.107424,1.099919,2025-01-16 20:35:12.591167,2025-01-16 15:35:12.591167
2025-01-16 20:28:53.150800,165.999,False,2.538338,6.9e-05,0.0,0.0,2025-01-16 20:35:13.591192,2025-01-16 15:35:13.591192
2025-01-16 20:28:53.150825,165.999,True,1.03843,1.073271,1.1077,1.099781,2025-01-16 20:35:13.591217,2025-01-16 15:35:13.591217
2025-01-16 20:28:54.150750,166.999,False,2.820375,6.9e-05,0.0,0.0,2025-01-16 20:35:14.591142,2025-01-16 15:35:14.591142
2025-01-16 20:28:54.150775,166.999,True,1.038774,1.073202,1.107493,1.099643,2025-01-16 20:35:14.591167,2025-01-16 15:35:14.591167
2025-01-16 20:28:55.150800,167.999,False,3.102412,6.9e-05,0.0,0.0,2025-01-16 20:35:15.591192,2025-01-16 15:35:15.591192
2025-01-16 20:28:55.150825,167.999,True,1.038705,1.073202,1.107355,1.09985,2025-01-16 20:35:15.591217,2025-01-16 15:35:15.591217
2025-01-16 20:28:56.150800,168.999,False,0.210633,6.9e-05,0.0,0.0,2025-01-16 20:35:16.591192,2025-01-16 15:35:16.591192
2025-01-16 20:28:56.150800,168.999,True,1.038705,1.073202,1.107424,1.099781,2025-01-16 20:35:16.591192,2025-01-16 15:35:16.591192
2025-01-16 20:28:57.150700,169.999,False,0.285756,6.9e-05,0.0,0.0,2025-01-16 20:35:17.591092,2025-01-16 15:35:17.591092
2025-01-16 20:28:57.150725,169.999,True,1.038636,1.073271,1.107355,1.09985,2025-01-16 20:35:17.591117,2025-01-16 15:35:17.591117
2025-01-16 20:28:58.150725,170.999,False,0.757907,6.9e-05,0.0,0.0,2025-01-16 20:35:18.591117,2025-01-16 15:35:18.591117
2025-01-16 20:28:58.150750,170.999,True,1.038498,1.073202,1.107286,1.099643,2025-01-16 20:35:18.591142,2025-01-16 15:35:18.591142
2025-01-16 20:28:59.150825,171.999,False,1.038636,6.9e-05,0.0,0.0,2025-01-16 20:35:19.591217,2025-01-16 15:35:19.591217
2025-01-16 20:28:59.150825,171.999,True,1.038567,1.073133,1.107355,1.099712,2025-01-16 20:35:19.591217,2025-01-16 15:35:19.591217
2025-01-16 20:29:00.150825,172.999,False,1.195905,6.9e-05,0.0,0.0,2025-01-16 20:35:20.591217,2025-01-16 15:35:20.591217
2025-01-16 20:29:00.150850,172.999,True,1.038567,1.073065,1.107355,1.099712,2025-01-16 20:35:20.591242,2025-01-16 15:35:20.591242
2025-01-16 20:29:01.150700,173.999,False,1.419277,6.9e-05,0.0,0.0,2025-01-16 20:35:21.591092,2025-01-16 15:35:21.591092
2025-01-16 20:29:01.150725,173.999,True,1.03843,1.072996,1.107355,1.099574,2025-01-16 20:35:21.591117,2025-01-16 15:35:21.591117
2025-01-16 20:29:02.150850,174.999,False,1.718804,6.9e-05,0.0,0.0,2025-01-16 20:35:22.591242,2025-01-16 15:35:22.591242
2025-01-16 20:29:02.150850,174.999,True,1.038705,1.072996,1.107286,1.099643,2025-01-16 20:35:22.591242,2025-01-16 15:35:22.591242
2025-01-16 20:29:03.150700,175.999,False,1.974538,6.9e-05,0.0,0.0,2025-01-16 20:35:23.591092,2025-01-16 15:35:23.591092
2025-01-16 20:29:03.150725,175.999,True,1.038636,1.072996,1.107493,1.09985,2025-01-16 20:35:23.591117,2025-01-16 15:35:23.591117
2025-01-16 20:29:04.150775,176.999,False,2.305533,6.9e-05,0.0,0.0,2025-01-16 20:35:24.591167,2025-01-16 15:35:24.591167
2025-01-16 20:29:04.150775,176.999,True,1.038636,1.073133,1.107424,1.099643,2025-01-16 20:35:24.591167,2025-01-16 15:35:24.591167
2025-01-16 20:29:05.150700,177.999,False,2.538338,6.9e-05,0.0,0.0,2025-01-16 20:35:25.591092,2025-01-16 15:35:25.591092
2025-01-16 20:29:05.150725,177.999,True,1.038498,1.072996,1.107286,1.099574,2025-01-16 20:35:25.591117,2025-01-16 15:35:25.591117
2025-01-16 20:29:06.150700,178.999,False,2.820375,6.9e-05,0.0,0.0,2025-01-16 20:35:26.591092,2025-01-16 15:35:26.591092
2025-01-16 20:29:06.150750,178.999,True,1.03843,1.072996,1.107286,1.099643,2025-01-16 20:35:26.591142,2025-01-16 15:35:26.591142
2025-01-16 20:29:07.150850,179.999,False,3.102412,6.9e-05,0.0,0.0,2025-01-16 20:35:27.591242,2025-01-16 15:35:27.591242
2025-01-16 20:29:07.150850,179.999,True,1.038567,1.073202,1.107424,1.099643,2025-01-16 20:35:27.591242,2025-01-16 15:35:27.591242
2025-01-16 20:29:08.150750,180.999,False,0.210633,6.9e-05,0.0,0.0,2025-01-16 20:35:28.591142,2025-01-16 15:35:28.591142
2025-01-16 20:29:08.150775,180.999,True,1.038567,1.072996,1.10708,1.099643,2025-01-16 20:35:28.591167,2025-01-16 15:35:28.591167
2025-01-16 20:29:09.150800,181.999,False,0.285756,6.9e-05,0.0,0.0,2025-01-16 20:35:29.591192,2025-01-16 15:35:29.591192
2025-01-16 20:29:09.150800,181.999,True,1.038567,1.072996,1.107355,1.099506,2025-01-16 20:35:29.591192,2025-01-16 15:35:29.591192
2025-01-16 20:29:10.150775,182.999,False,0.757907,6.9e-05,0.0,0.0,2025-01-16 20:35:30.591167,2025-01-16 15:35:30.591167
2025-01-16 20:29:10.150800,182.999,True,1.038498,1.073065,1.107218,1.099574,2025-01-16 20:35:30.591192,2025-01-16 15:35:30.591192
2025-01-16 20:29:11.150775,183.999,False,1.038705,6.9e-05,0.0,0.0,2025-01-16 20:35:31.591167,2025-01-16 15:35:31.591167
2025-01-16 20:29:11.150775,183.999,True,1.038361,1.072996,1.10708,1.099643,2025-01-16 20:35:31.591167,2025-01-16 15:35:31.591167
2025-01-16 20:29:12.150750,184.999,False,1.195285,6.9e-05,0.0,0.0,2025-01-16 20:35:32.591142,2025-01-16 15:35:32.591142
2025-01-16 20:29:12.150775,184.999,True,1.038361,1.072996,1.107218,1.099506,2025-01-16 20:35:32.591167,2025-01-16 15:35:32.591167
2025-01-16 20:29:13.151375,185.999,False,1.419277,6.9e-05,0.0,0.0,2025-01-16 20:35:33.591767,2025-01-16 15:35:33.591767
2025-01-16 20:29:13.151375,185.999,True,1.03843,1.072858,1.107149,1.099574,2025-01-16 20:35:33.591767,2025-01-16 15:35:33.591767
2025-01-16 20:29:14.150775,186.999,False,1.718804,6.9e-05,0.0,0.0,2025-01-16 20:35:34.591167,2025-01-16 15:35:34.591167
2025-01-16 20:29:14.150775,186.999,True,1.038567,1.072927,1.107149,1.099643,2025-01-16 20:35:34.591167,2025-01-16 15:35:34.591167
2025-01-16 20:29:15.150775,187.999,False,1.974538,6.9e-05,0.0,0.0,2025-01-16 20:35:35.591167,2025-01-16 15:35:35.591167
2025-01-16 20:29:15.150800,187.999,True,1.038292,1.072927,1.107286,1.099437,2025-01-16 20:35:35.591192,2025-01-16 15:35:35.591192
2025-01-16 20:29:16.150750,188.999,False,2.304224,6.9e-05,0.0,0.0,2025-01-16 20:35:36.591142,2025-01-16 15:35:36.591142
2025-01-16 20:29:16.150750,188.999,True,1.03843,1.072996,1.107286,1.099643,2025-01-16 20:35:36.591142,2025-01-16 15:35:36.591142
2025-01-16 20:29:17.151075,189.999,False,2.538338,6.9e-05,0.0,0.0,2025-01-16 20:35:37.591467,2025-01-16 15:35:37.591467
2025-01-16 20:29:17.151075,189.999,True,1.038292,1.072996,1.107286,1.099574,2025-01-16 20:35:37.591467,2025-01-16 15:35:37.591467
2025-01-16 20:29:18.150900,190.999,False,2.820375,6.9e-05,0.0,0.0,2025-01-16 20:35:38.591292,2025-01-16 15:35:38.591292
2025-01-16 20:29:18.150925,190.999,True,1.03843,1.073065,1.10708,1.099643,2025-01-16 20:35:38.591317,2025-01-16 15:35:38.591317
2025-01-16 20:29:19.150725,191.999,False,3.102412,6.9e-05,0.0,0.0,2025-01-16 20:35:39.591117,2025-01-16 15:35:39.591117
2025-01-16 20:29:19.150725,191.999,True,1.038361,1.072927,1.107218,1.099643,2025-01-16 20:35:39.591117,2025-01-16 15:35:39.591117
2025-01-16 20:29:20.151125,192.999,False,0.210633,6.9e-05,0.0,0.0,2025-01-16 20:35:40.591517,2025-01-16 15:35:40.591517
2025-01-16 20:29:20.151125,192.999,True,1.038361,1.072789,1.107218,1.099506,2025-01-16 20:35:40.591517,2025-01-16 15:35:40.591517
2025-01-16 20:29:21.150750,193.999,False,0.285756,6.9e-05,0.0,0.0,2025-01-16 20:35:41.591142,2025-01-16 15:35:41.591142
2025-01-16 20:29:21.150750,193.999,True,1.038223,1.072858,1.107149,1.099506,2025-01-16 20:35:41.591142,2025-01-16 15:35:41.591142
2025-01-16 20:29:22.150825,194.999,False,0.757907,6.9e-05,0.0,0.0,2025-01-16 20:35:42.591217,2025-01-16 15:35:42.591217
2025-01-16 20:29:22.150825,194.999,True,1.038223,1.072927,1.107218,1.099506,2025-01-16 20:35:42.591217,2025-01-16 15:35:42.591217
2025-01-16 20:29:23.150700,195.999,False,1.038705,6.9e-05,0.0,0.0,2025-01-16 20:35:43.591092,2025-01-16 15:35:43.591092
2025-01-16 20:29:23.150725,195.999,True,1.038292,1.072996,1.107218,1.099506,2025-01-16 20:35:43.591117,2025-01-16 15:35:43.591117
2025-01-16 20:29:24.151700,196.999,False,1.19563,6.9e-05,0.0,0.0,2025-01-16 20:35:44.592092,2025-01-16 15:35:44.592092
2025-01-16 20:29:24.151700,196.999,True,1.038292,1.072789,1.107149,1.099437,2025-01-16 20:35:44.592092,2025-01-16 15:35:44.592092
2025-01-16 20:29:25.150800,197.999,False,1.419345,6.9e-05,0.0,0.0,2025-01-16 20:35:45.591192,2025-01-16 15:35:45.591192
2025-01-16 20:29:25.150800,197.999,True,1.038361,1.072858,1.106873,1.099368,2025-01-16 20:35:45.591192,2025-01-16 15:35:45.591192
2025-01-16 20:29:26.150725,198.999,False,1.718735,6.9e-05,0.0,0.0,2025-01-16 20:35:46.591117,2025-01-16 15:35:46.591117
2025-01-16 20:29:26.150750,198.999,True,1.038361,1.072789,1.107011,1.099506,2025-01-16 20:35:46.591142,2025-01-16 15:35:46.591142
2025-01-16 20:29:27.150800,199.999,False,1.974538,6.9e-05,0.0,0.0,2025-01-16 20:35:47.591192,2025-01-16 15:35:47.591192
2025-01-16 20:29:27.150800,199.999,True,1.03843,1.072789,1.107149,1.099506,2025-01-16 20:35:47.591192,2025-01-16 15:35:47.591192
2025-01-16 20:29:28.150800,200.999,False,2.303191,6.9e-05,0.0,0.0,2025-01-16 20:35:48.591192,2025-01-16 15:35:48.591192
2025-01-16 20:29:28.150825,200.999,True,1.038292,1.072789,1.107218,1.099506,2025-01-16 20:35:48.591217,2025-01-16 15:35:48.591217
2025-01-16 20:29:29.150800,201.999,False,2.538338,6.9e-05,0.0,0.0,2025-01-16 20:35:49.591192,2025-01-16 15:35:49.591192
2025-01-16 20:29:29.150800,201.999,True,1.03843,1.07272,1.106942,1.099368,2025-01-16 20:35:49.591192,2025-01-16 15:35:49.591192
2025-01-16 20:29:30.150900,202.999,False,2.820375,6.9e-05,0.0,0.0,2025-01-16 20:35:50.591292,2025-01-16 15:35:50.591292
2025-01-16 20:29:30.150900,202.999,True,1.038223,1.072789,1.107011,1.099368,2025-01-16 20:35:50.591292,2025-01-16 15:35:50.591292
2025-01-16 20:29:31.150725,203.999,False,3.102412,6.9e-05,0.0,0.0,2025-01-16 20:35:51.591117,2025-01-16 15:35:51.591117
2025-01-16 20:29:31.150725,203.999,True,1.038361,1.072789,1.106873,1.099368,2025-01-16 20:35:51.591117,2025-01-16 15:35:51.591117
2025-01-16 20:29:32.150725,204.999,False,0.210633,6.9e-05,0.0,0.0,2025-01-16 20:35:52.591117,2025-01-16 15:35:52.591117
2025-01-16 20:29:32.150750,204.999,True,1.038361,1.072789,1.106942,1.099437,2025-01-16 20:35:52.591142,2025-01-16 15:35:52.591142
2025-01-16 20:29:33.150725,205.999,False,0.285756,6.9e-05,0.0,0.0,2025-01-16 20:35:53.591117,2025-01-16 15:35:53.591117
2025-01-16 20:29:33.150725,205.999,True,1.038361,1.072651,1.107011,1.099368,2025-01-16 20:35:53.591117,2025-01-16 15:35:53.591117
2025-01-16 20:29:34.150800,206.999,False,0.757907,6.9e-05,0.0,0.0,2025-01-16 20:35:54.591192,2025-01-16 15:35:54.591192
2025-01-16 20:29:34.150825,206.999,True,1.038223,1.072651,1.106942,1.099574,2025-01-16 20:35:54.591217,2025-01-16 15:35:54.591217
2025-01-16 20:29:35.151450,207.999,False,1.038705,6.9e-05,0.0,0.0,2025-01-16 20:35:55.591842,2025-01-16 15:35:55.591842
2025-01-16 20:29:35.151450,207.999,True,1.038292,1.072651,1.107149,1.099437,2025-01-16 20:35:55.591842,2025-01-16 15:35:55.591842
2025-01-16 20:29:36.150775,208.999,False,1.195148,6.9e-05,0.0,0.0,2025-01-16 20:35:56.591167,2025-01-16 15:35:56.591167
2025-01-16 20:29:36.150775,208.999,True,1.038361,1.072651,1.107011,1.099368,2025-01-16 20:35:56.591167,2025-01-16 15:35:56.591167
2025-01-16 20:29:37.150775,209.999,False,1.419277,6.9e-05,0.0,0.0,2025-01-16 20:35:57.591167,2025-01-16 15:35:57.591167
2025-01-16 20:29:37.150850,209.999,True,1.038292,1.072789,1.10708,1.099368,2025-01-16 20:35:57.591242,2025-01-16 15:35:57.591242
2025-01-16 20:29:38.150725,210.999,False,1.718804,6.9e-05,0.0,0.0,2025-01-16 20:35:58.591117,2025-01-16 15:35:58.591117
2025-01-16 20:29:38.150750,210.999,True,1.038292,1.072789,1.107011,1.099437,2025-01-16 20:35:58.591142,2025-01-16 15:35:58.591142
2025-01-16 20:29:39.150825,211.999,False,1.974538,6.9e-05,0.0,0.0,2025-01-16 20:35:59.591217,2025-01-16 15:35:59.591217
2025-01-16 20:29:39.150825,211.999,True,1.038223,1.07272,1.10708,1.099299,2025-01-16 20:35:59.591217,2025-01-16 15:35:59.591217
2025-01-16 20:29:40.150725,212.999,False,2.300988,6.9e-05,0.0,0.0,2025-01-16 20:36:00.591117,2025-01-16 15:36:00.591117
2025-01-16 20:29:40.150725,212.999,True,1.038154,1.07272,1.106873,1.099161,2025-01-16 20:36:00.591117,2025-01-16 15:36:00.591117
2025-01-16 20:29:41.150825,213.999,False,2.538338,6.9e-05,0.0,0.0,2025-01-16 20:36:01.591217,2025-01-16 15:36:01.591217
2025-01-16 20:29:41.150850,213.999,True,1.038292,1.072651,1.107011,1.099299,2025-01-16 20:36:01.591242,2025-01-16 15:36:01.591242
2025-01-16 20:29:42.150775,214.999,False,2.820375,6.9e-05,0.0,0.0,2025-01-16 20:36:02.591167,2025-01-16 15:36:02.591167
2025-01-16 20:29:42.150800,214.999,True,1.038292,1.072651,1.106942,1.099299,2025-01-16 20:36:02.591192,2025-01-16 15:36:02.591192
2025-01-16 20:29:43.150900,215.999,False,3.102412,6.9e-05,0.0,0.0,2025-01-16 20:36:03.591292,2025-01-16 15:36:03.591292
2025-01-16 20:29:43.150925,215.999,True,1.03843,1.07272,1.106873,1.099299,2025-01-16 20:36:03.591317,2025-01-16 15:36:03.591317
2025-01-16 20:29:44.150825,216.999,False,0.210633,6.9e-05,0.0,0.0,2025-01-16 20:36:04.591217,2025-01-16 15:36:04.591217
2025-01-16 20:29:44.150850,216.999,True,1.038223,1.072583,1.106942,1.099506,2025-01-16 20:36:04.591242,2025-01-16 15:36:04.591242
2025-01-16 20:29:45.151000,217.999,False,0.285825,6.9e-05,0.0,0.0,2025-01-16 20:36:05.591392,2025-01-16 15:36:05.591392
2025-01-16 20:29:45.151000,217.999,True,1.038223,1.072651,1.106873,1.099299,2025-01-16 20:36:05.591392,2025-01-16 15:36:05.591392
2025-01-16 20:29:46.150925,218.999,False,0.757907,6.9e-05,0.0,0.0,2025-01-16 20:36:06.591317,2025-01-16 15:36:06.591317
2025-01-16 20:29:46.150925,218.999,True,1.038223,1.072996,1.106942,1.099299,2025-01-16 20:36:06.591317,2025-01-16 15:36:06.591317
2025-01-16 20:29:47.150850,219.999,False,1.038705,6.9e-05,0.0,0.0,2025-01-16 20:36:07.591242,2025-01-16 15:36:07.591242
2025-01-16 20:29:47.150850,219.999,True,1.038292,1.072583,1.107149,1.09923,2025-01-16 20:36:07.591242,2025-01-16 15:36:07.591242
2025-01-16 20:29:48.150850,220.999,False,1.195561,6.9e-05,0.0,0.0,2025-01-16 20:36:08.591242,2025-01-16 15:36:08.591242
2025-01-16 20:29:48.150875,220.999,True,1.038154,1.072583,1.107149,1.099368,2025-01-16 20:36:08.591267,2025-01-16 15:36:08.591267
2025-01-16 20:29:49.150850,221.999,False,1.419345,6.9e-05,0.0,0.0,2025-01-16 20:36:09.591242,2025-01-16 15:36:09.591242
2025-01-16 20:29:49.150875,221.999,True,1.038292,1.072583,1.107011,1.099092,2025-01-16 20:36:09.591267,2025-01-16 15:36:09.591267
2025-01-16 20:29:50.150825,222.999,False,1.718804,6.9e-05,0.0,0.0,2025-01-16 20:36:10.591217,2025-01-16 15:36:10.591217
2025-01-16 20:29:50.150850,222.999,True,1.038085,1.072583,1.106873,1.099368,2025-01-16 20:36:10.591242,2025-01-16 15:36:10.591242
2025-01-16 20:29:51.150725,223.999,False,1.974538,6.9e-05,0.0,0.0,2025-01-16 20:36:11.591117,2025-01-16 15:36:11.591117
2025-01-16 20:29:51.150725,223.999,True,1.038154,1.07272,1.106942,1.099161,2025-01-16 20:36:11.591117,2025-01-16 15:36:11.591117
2025-01-16 20:29:52.150800,224.999,False,2.307461,6.9e-05,0.0,0.0,2025-01-16 20:36:12.591192,2025-01-16 15:36:12.591192
2025-01-16 20:29:52.150825,224.999,True,1.038154,1.072651,1.106942,1.099092,2025-01-16 20:36:12.591217,2025-01-16 15:36:12.591217
2025-01-16 20:29:53.150725,225.999,False,2.538338,6.9e-05,0.0,0.0,2025-01-16 20:36:13.591117,2025-01-16 15:36:13.591117
2025-01-16 20:29:53.150750,225.999,True,1.038154,1.072651,1.106942,1.099299,2025-01-16 20:36:13.591142,2025-01-16 15:36:13.591142
2025-01-16 20:29:54.150775,226.999,False,2.820375,6.9e-05,0.0,0.0,2025-01-16 20:36:14.591167,2025-01-16 15:36:14.591167
2025-01-16 20:29:54.150775,226.999,True,1.038085,1.072651,1.106942,1.099092,2025-01-16 20:36:14.591167,2025-01-16 15:36:14.591167
2025-01-16 20:29:55.150725,227.999,False,3.102412,6.9e-05,0.0,0.0,2025-01-16 20:36:15.591117,2025-01-16 15:36:15.591117
2025-01-16 20:29:55.150725,227.999,True,1.038085,1.072583,1.106667,1.099161,2025-01-16 20:36:15.591117,2025-01-16 15:36:15.591117
2025-01-16 20:29:56.150825,228.999,False,0.210564,6.9e-05,0.0,0.0,2025-01-16 20:36:16.591217,2025-01-16 15:36:16.591217
2025-01-16 20:29:56.150825,228.999,True,1.038292,1.072514,1.106873,1.099437,2025-01-16 20:36:16.591217,2025-01-16 15:36:16.591217
2025-01-16 20:29:57.150850,229.999,False,0.285756,6.9e-05,0.0,0.0,2025-01-16 20:36:17.591242,2025-01-16 15:36:17.591242
2025-01-16 20:29:57.150850,229.999,True,1.038361,1.072583,1.106873,1.098955,2025-01-16 20:36:17.591242,2025-01-16 15:36:17.591242
2025-01-16 20:29:58.150800,230.999,False,0.757838,6.9e-05,0.0,0.0,2025-01-16 20:36:18.591192,2025-01-16 15:36:18.591192
2025-01-16 20:29:58.150800,230.999,True,1.038154,1.072307,1.107011,1.099299,2025-01-16 20:36:18.591192,2025-01-16 15:36:18.591192
2025-01-16 20:29:59.150825,231.999,False,1.038774,6.9e-05,0.0,0.0,2025-01-16 20:36:19.591217,2025-01-16 15:36:19.591217
2025-01-16 20:29:59.150850,231.999,True,1.038085,1.072514,1.106804,1.09923,2025-01-16 20:36:19.591242,2025-01-16 15:36:19.591242
2025-01-16 20:30:00.150825,232.999,False,1.195974,6.9e-05,0.0,0.0,2025-01-16 20:36:20.591217,2025-01-16 15:36:20.591217
2025-01-16 20:30:00.150825,232.999,True,1.037879,1.072445,1.106804,1.09923,2025-01-16 20:36:20.591217,2025-01-16 15:36:20.591217
2025-01-16 20:30:01.150725,233.999,False,1.419345,6.9e-05,0.0,0.0,2025-01-16 20:36:21.591117,2025-01-16 15:36:21.591117
2025-01-16 20:30:01.150750,233.999,True,1.038154,1.072514,1.106804,1.09923,2025-01-16 20:36:21.591142,2025-01-16 15:36:21.591142
2025-01-16 20:30:02.150725,234.999,False,1.718873,6.9e-05,0.0,0.0,2025-01-16 20:36:22.591117,2025-01-16 15:36:22.591117
2025-01-16 20:30:02.150750,234.999,True,1.038223,1.072307,1.106667,1.099299,2025-01-16 20:36:22.591142,2025-01-16 15:36:22.591142
2025-01-16 20:30:03.150750,235.999,False,1.974538,6.9e-05,0.0,0.0,2025-01-16 20:36:23.591142,2025-01-16 15:36:23.591142
2025-01-16 20:30:03.150775,235.999,True,1.038085,1.072445,1.106942,1.099161,2025-01-16 20:36:23.591167,2025-01-16 15:36:23.591167
2025-01-16 20:30:04.150800,236.999,False,2.306497,6.9e-05,0.0,0.0,2025-01-16 20:36:24.591192,2025-01-16 15:36:24.591192
2025-01-16 20:30:04.150825,236.999,True,1.038154,1.072445,1.106736,1.099299,2025-01-16 20:36:24.591217,2025-01-16 15:36:24.591217
2025-01-16 20:30:05.150750,237.999,False,2.538338,6.9e-05,0.0,0.0,2025-01-16 20:36:25.591142,2025-01-16 15:36:25.591142
2025-01-16 20:30:05.150775,237.999,True,1.038154,1.072445,1.106736,1.099092,2025-01-16 20:36:25.591167,2025-01-16 15:36:25.591167
2025-01-16 20:30:06.150975,238.999,False,2.820375,6.9e-05,0.0,0.0,2025-01-16 20:36:26.591367,2025-01-16 15:36:26.591367
2025-01-16 20:30:06.151000,238.999,True,1.038016,1.072514,1.106736,1.099092,2025-01-16 20:36:26.591392,2025-01-16 15:36:26.591392
2025-01-16 20:30:07.150800,239.999,False,3.102412,6.9e-05,0.0,0.0,2025-01-16 20:36:27.591192,2025-01-16 15:36:27.591192
2025-01-16 20:30:07.150800,239.999,True,1.038085,1.072307,1.106873,1.099092,2025-01-16 20:36:27.591192,2025-01-16 15:36:27.591192
2025-01-16 20:30:08.151600,240.999,False,0.210564,6.9e-05,0.0,0.0,2025-01-16 20:36:28.591992,2025-01-16 15:36:28.591992
2025-01-16 20:30:08.151600,240.999,True,1.038085,1.072376,1.106873,1.099092,2025-01-16 20:36:28.591992,2025-01-16 15:36:28.591992
2025-01-16 20:30:09.150775,241.999,False,0.285825,6.9e-05,0.0,0.0,2025-01-16 20:36:29.591167,2025-01-16 15:36:29.591167
2025-01-16 20:30:09.150850,241.999,True,1.038361,1.072376,1.106873,1.099299,2025-01-16 20:36:29.591242,2025-01-16 15:36:29.591242
2025-01-16 20:30:10.150775,242.999,False,0.757907,6.9e-05,0.0,0.0,2025-01-16 20:36:30.591167,2025-01-16 15:36:30.591167
2025-01-16 20:30:10.150775,242.999,True,1.038085,1.072445,1.107011,1.099368,2025-01-16 20:36:30.591167,2025-01-16 15:36:30.591167
2025-01-16 20:30:11.150800,243.999,False,1.038774,6.9e-05,0.0,0.0,2025-01-16 20:36:31.591192,2025-01-16 15:36:31.591192
2025-01-16 20:30:11.150850,243.999,True,1.037879,1.072307,1.106804,1.099092,2025-01-16 20:36:31.591242,2025-01-16 15:36:31.591242
2025-01-16 20:30:12.150725,244.999,False,1.195905,6.9e-05,0.0,0.0,2025-01-16 20:36:32.591117,2025-01-16 15:36:32.591117
2025-01-16 20:30:12.150750,244.999,True,1.038016,1.072307,1.106736,1.099092,2025-01-16 20:36:32.591142,2025-01-16 15:36:32.591142
2025-01-16 20:30:13.151050,245.999,False,1.419345,6.9e-05,0.0,0.0,2025-01-16 20:36:33.591442,2025-01-16 15:36:33.591442
2025-01-16 20:30:13.151075,245.999,True,1.038016,1.072307,1.106873,1.099092,2025-01-16 20:36:33.591467,2025-01-16 15:36:33.591467
2025-01-16 20:30:14.150750,246.999,False,1.718804,6.9e-05,0.0,0.0,2025-01-16 20:36:34.591142,2025-01-16 15:36:34.591142
2025-01-16 20:30:14.150750,246.999,True,1.038016,1.072238,1.106942,1.099024,2025-01-16 20:36:34.591142,2025-01-16 15:36:34.591142
2025-01-16 20:30:15.150800,247.999,False,1.974538,6.9e-05,0.0,0.0,2025-01-16 20:36:35.591192,2025-01-16 15:36:35.591192
2025-01-16 20:30:15.150800,247.999,True,1.037879,1.072307,1.106873,1.09923,2025-01-16 20:36:35.591192,2025-01-16 15:36:35.591192
2025-01-16 20:30:16.150750,248.999,False,2.306221,6.9e-05,0.0,0.0,2025-01-16 20:36:36.591142,2025-01-16 15:36:36.591142
2025-01-16 20:30:16.150775,248.999,True,1.037879,1.072101,1.106804,1.099024,2025-01-16 20:36:36.591167,2025-01-16 15:36:36.591167
2025-01-16 20:30:17.150800,249.999,False,2.538338,6.9e-05,0.0,0.0,2025-01-16 20:36:37.591192,2025-01-16 15:36:37.591192
2025-01-16 20:30:17.150825,249.999,True,1.037879,1.072238,1.106736,1.099092,2025-01-16 20:36:37.591217,2025-01-16 15:36:37.591217
2025-01-16 20:30:18.150800,250.999,False,2.820375,6.9e-05,0.0,0.0,2025-01-16 20:36:38.591192,2025-01-16 15:36:38.591192
2025-01-16 20:30:18.150800,250.999,True,1.038016,1.072169,1.106667,1.099092,2025-01-16 20:36:38.591192,2025-01-16 15:36:38.591192
2025-01-16 20:30:19.151150,251.999,False,3.102412,6.9e-05,0.0,0.0,2025-01-16 20:36:39.591542,2025-01-16 15:36:39.591542
2025-01-16 20:30:19.151175,251.999,True,1.038016,1.072307,1.106598,1.099092,2025-01-16 20:36:39.591567,2025-01-16 15:36:39.591567
2025-01-16 20:30:20.150775,252.999,False,0.210564,6.9e-05,0.0,0.0,2025-01-16 20:36:40.591167,2025-01-16 15:36:40.591167
2025-01-16 20:30:20.150850,252.999,True,1.038016,1.072445,1.106598,1.098955,2025-01-16 20:36:40.591242,2025-01-16 15:36:40.591242
2025-01-16 20:30:21.150825,253.999,False,0.285825,6.9e-05,0.0,0.0,2025-01-16 20:36:41.591217,2025-01-16 15:36:41.591217
2025-01-16 20:30:21.150825,253.999,True,1.037879,1.072307,1.106598,1.098886,2025-01-16 20:36:41.591217,2025-01-16 15:36:41.591217
2025-01-16 20:30:22.150725,254.999,False,0.757907,6.9e-05,0.0,0.0,2025-01-16 20:36:42.591117,2025-01-16 15:36:42.591117
2025-01-16 20:30:22.150725,254.999,True,1.03781,1.072238,1.106736,1.099024,2025-01-16 20:36:42.591117,2025-01-16 15:36:42.591117
2025-01-16 20:30:23.150775,255.999,False,1.038774,6.9e-05,0.0,0.0,2025-01-16 20:36:43.591167,2025-01-16 15:36:43.591167
2025-01-16 20:30:23.150800,255.999,True,1.038016,1.072238,1.106667,1.098817,2025-01-16 20:36:43.591192,2025-01-16 15:36:43.591192
2025-01-16 20:30:24.150750,256.999,False,1.195699,6.9e-05,0.0,0.0,2025-01-16 20:36:44.591142,2025-01-16 15:36:44.591142
2025-01-16 20:30:24.150775,256.999,True,1.038016,1.072238,1.106804,1.098955,2025-01-16 20:36:44.591167,2025-01-16 15:36:44.591167
2025-01-16 20:30:25.150750,257.999,False,1.419345,6.9e-05,0.0,0.0,2025-01-16 20:36:45.591142,2025-01-16 15:36:45.591142
2025-01-16 20:30:25.150750,257.999,True,1.037879,1.072101,1.106873,1.099024,2025-01-16 20:36:45.591142,2025-01-16 15:36:45.591142
2025-01-16 20:30:26.150725,258.999,False,1.718873,6.9e-05,0.0,0.0,2025-01-16 20:36:46.591117,2025-01-16 15:36:46.591117
2025-01-16 20:30:26.150750,258.999,True,1.037879,1.072101,1.106736,1.098886,2025-01-16 20:36:46.591142,2025-01-16 15:36:46.591142
2025-01-16 20:30:27.150725,259.999,False,1.974538,6.9e-05,0.0,0.0,2025-01-16 20:36:47.591117,2025-01-16 15:36:47.591117
2025-01-16 20:30:27.150750,259.999,True,1.038016,1.072307,1.106529,1.099161,2025-01-16 20:36:47.591142,2025-01-16 15:36:47.591142
2025-01-16 20:30:28.150725,260.999,False,2.310284,6.9e-05,0.0,0.0,2025-01-16 20:36:48.591117,2025-01-16 15:36:48.591117
2025-01-16 20:30:28.150725,260.999,True,1.037948,1.072169,1.106598,1.099092,2025-01-16 20:36:48.591117,2025-01-16 15:36:48.591117
2025-01-16 20:30:29.150800,261.999,False,2.538338,6.9e-05,0.0,0.0,2025-01-16 20:36:49.591192,2025-01-16 15:36:49.591192
2025-01-16 20:30:29.150850,261.999,True,1.037948,1.072307,1.106667,1.098886,2025-01-16 20:36:49.591242,2025-01-16 15:36:49.591242
2025-01-16 20:30:30.151300,262.999,False,2.820375,6.9e-05,0.0,0.0,2025-01-16 20:36:50.591692,2025-01-16 15:36:50.591692
2025-01-16 20:30:30.151300,262.999,True,1.038016,1.072376,1.106667,1.099024,2025-01-16 20:36:50.591692,2025-01-16 15:36:50.591692
2025-01-16 20:30:31.150750,263.999,False,3.102412,6.9e-05,0.0,0.0,2025-01-16 20:36:51.591142,2025-01-16 15:36:51.591142
2025-01-16 20:30:31.150775,263.999,True,1.037741,1.072376,1.106736,1.099024,2025-01-16 20:36:51.591167,2025-01-16 15:36:51.591167
2025-01-16 20:30:32.150775,264.999,False,0.210564,6.9e-05,0.0,0.0,2025-01-16 20:36:52.591167,2025-01-16 15:36:52.591167
2025-01-16 20:30:32.150800,264.999,True,1.037948,1.072307,1.106736,1.098955,2025-01-16 20:36:52.591192,2025-01-16 15:36:52.591192
2025-01-16 20:30:33.150775,265.999,False,0.285825,6.9e-05,0.0,0.0,2025-01-16 20:36:53.591167,2025-01-16 15:36:53.591167
2025-01-16 20:30:33.150775,265.999,True,1.037741,1.072307,1.106736,1.099024,2025-01-16 20:36:53.591167,2025-01-16 15:36:53.591167
2025-01-16 20:30:34.150750,266.999,False,0.757907,6.9e-05,0.0,0.0,2025-01-16 20:36:54.591142,2025-01-16 15:36:54.591142
2025-01-16 20:30:34.150775,266.999,True,1.037948,1.072238,1.106598,1.098886,2025-01-16 20:36:54.591167,2025-01-16 15:36:54.591167
2025-01-16 20:30:35.150750,267.999,False,1.038843,6.9e-05,0.0,0.0,2025-01-16 20:36:55.591142,2025-01-16 15:36:55.591142
2025-01-16 20:30:35.150750,267.999,True,1.037948,1.072238,1.106598,1.098886,2025-01-16 20:36:55.591142,2025-01-16 15:36:55.591142
2025-01-16 20:30:36.150725,268.999,False,1.196112,6.9e-05,0.0,0.0,2025-01-16 20:36:56.591117,2025-01-16 15:36:56.591117
2025-01-16 20:30:36.150725,268.999,True,1.037741,1.072101,1.106598,1.098886,2025-01-16 20:36:56.591117,2025-01-16 15:36:56.591117
2025-01-16 20:30:37.150775,269.999,False,1.419345,6.9e-05,0.0,0.0,2025-01-16 20:36:57.591167,2025-01-16 15:36:57.591167
2025-01-16 20:30:37.150800,269.999,True,1.037879,1.072169,1.10646,1.098955,2025-01-16 20:36:57.591192,2025-01-16 15:36:57.591192
2025-01-16 20:30:38.150875,270.999,False,1.718804,6.9e-05,0.0,0.0,2025-01-16 20:36:58.591267,2025-01-16 15:36:58.591267
2025-01-16 20:30:38.150900,270.999,True,1.037879,1.072032,1.106529,1.099092,2025-01-16 20:36:58.591292,2025-01-16 15:36:58.591292
2025-01-16 20:30:39.150750,271.999,False,1.974538,6.9e-05,0.0,0.0,2025-01-16 20:36:59.591142,2025-01-16 15:36:59.591142
2025-01-16 20:30:39.150750,271.999,True,1.037948,1.072169,1.106667,1.099092,2025-01-16 20:36:59.591142,2025-01-16 15:36:59.591142
2025-01-16 20:30:40.150950,272.999,False,2.3045,6.9e-05,0.0,0.0,2025-01-16 20:37:00.591342,2025-01-16 15:37:00.591342
2025-01-16 20:30:40.150975,272.999,True,1.03781,1.072101,1.106667,1.098955,2025-01-16 20:37:00.591367,2025-01-16 15:37:00.591367
2025-01-16 20:30:41.151650,273.999,False,2.538338,6.9e-05,0.0,0.0,2025-01-16 20:37:01.592042,2025-01-16 15:37:01.592042
2025-01-16 20:30:41.151650,273.999,True,1.037741,1.072169,1.10646,1.099024,2025-01-16 20:37:01.592042,2025-01-16 15:37:01.592042
2025-01-16 20:30:42.150725,274.999,False,2.820375,6.9e-05,0.0,0.0,2025-01-16 20:37:02.591117,2025-01-16 15:37:02.591117
2025-01-16 20:30:42.150725,274.999,True,1.038016,1.072238,1.10646,1.098886,2025-01-16 20:37:02.591117,2025-01-16 15:37:02.591117
2025-01-16 20:30:43.150750,275.999,False,3.102412,6.9e-05,0.0,0.0,2025-01-16 20:37:03.591142,2025-01-16 15:37:03.591142
2025-01-16 20:30:43.150750,275.999,True,1.03781,1.072169,1.10646,1.09923,2025-01-16 20:37:03.591142,2025-01-16 15:37:03.591142
2025-01-16 20:30:44.150800,276.999,False,0.210564,6.9e-05,0.0,0.0,2025-01-16 20:37:04.591192,2025-01-16 15:37:04.591192
2025-01-16 20:30:44.150800,276.999,True,1.037948,1.072101,1.10646,1.098955,2025-01-16 20:37:04.591192,2025-01-16 15:37:04.591192
2025-01-16 20:30:45.150800,277.999,False,0.285825,6.9e-05,0.0,0.0,2025-01-16 20:37:05.591192,2025-01-16 15:37:05.591192
2025-01-16 20:30:45.150800,277.999,True,1.037948,1.072101,1.106598,1.098817,2025-01-16 20:37:05.591192,2025-01-16 15:37:05.591192
2025-01-16 20:30:46.150800,278.999,False,0.757907,6.9e-05,0.0,0.0,2025-01-16 20:37:06.591192,2025-01-16 15:37:06.591192
2025-01-16 20:30:46.150800,278.999,True,1.037672,1.072032,1.106598,1.098955,2025-01-16 20:37:06.591192,2025-01-16 15:37:06.591192
2025-01-16 20:30:47.150775,279.999,False,1.038843,6.9e-05,0.0,0.0,2025-01-16 20:37:07.591167,2025-01-16 15:37:07.591167
2025-01-16 20:30:47.150775,279.999,True,1.037741,1.072101,1.106598,1.098886,2025-01-16 20:37:07.591167,2025-01-16 15:37:07.591167
2025-01-16 20:30:48.150750,280.999,False,1.195974,6.9e-05,0.0,0.0,2025-01-16 20:37:08.591142,2025-01-16 15:37:08.591142
2025-01-16 20:30:48.150775,280.999,True,1.037879,1.072169,1.106529,1.098817,2025-01-16 20:37:08.591167,2025-01-16 15:37:08.591167
2025-01-16 20:30:49.150750,281.999,False,1.419277,6.9e-05,0.0,0.0,2025-01-16 20:37:09.591142,2025-01-16 15:37:09.591142
2025-01-16 20:30:49.150775,281.999,True,1.03781,1.072169,1.106529,1.098955,2025-01-16 20:37:09.591167,2025-01-16 15:37:09.591167
2025-01-16 20:30:50.150750,282.999,False,1.718873,6.9e-05,0.0,0.0,2025-01-16 20:37:10.591142,2025-01-16 15:37:10.591142
2025-01-16 20:30:50.150775,282.999,True,1.037603,1.071963,1.10646,1.098886,2025-01-16 20:37:10.591167,2025-01-16 15:37:10.591167
2025-01-16 20:30:51.150750,283.999,False,1.974538,6.9e-05,0.0,0.0,2025-01-16 20:37:11.591142,2025-01-16 15:37:11.591142
2025-01-16 20:30:51.150750,283.999,True,1.037672,1.072238,1.10646,1.098886,2025-01-16 20:37:11.591142,2025-01-16 15:37:11.591142
2025-01-16 20:30:52.152225,284.999,False,2.30629,6.9e-05,0.0,0.0,2025-01-16 20:37:12.592617,2025-01-16 15:37:12.592617
2025-01-16 20:30:52.152225,284.999,True,1.037741,1.072032,1.10646,1.098886,2025-01-16 20:37:12.592617,2025-01-16 15:37:12.592617
2025-01-16 20:30:53.150750,285.999,False,2.538338,6.9e-05,0.0,0.0,2025-01-16 20:37:13.591142,2025-01-16 15:37:13.591142
2025-01-16 20:30:53.150750,285.999,True,1.037672,1.072101,1.106391,1.098817,2025-01-16 20:37:13.591142,2025-01-16 15:37:13.591142
2025-01-16 20:30:54.150825,286.999,False,2.820375,6.9e-05,0.0,0.0,2025-01-16 20:37:14.591217,2025-01-16 15:37:14.591217
2025-01-16 20:30:54.150850,286.999,True,1.03781,1.072101,1.106391,1.098679,2025-01-16 20:37:14.591242,2025-01-16 15:37:14.591242
2025-01-16 20:30:55.150900,287.999,False,3.102412,6.9e-05,0.0,0.0,2025-01-16 20:37:15.591292,2025-01-16 15:37:15.591292
2025-01-16 20:30:55.150900,287.999,True,1.037603,1.072101,1.106598,1.09861,2025-01-16 20:37:15.591292,2025-01-16 15:37:15.591292
2025-01-16 20:30:56.150900,288.999,False,0.210564,6.9e-05,0.0,0.0,2025-01-16 20:37:16.591292,2025-01-16 15:37:16.591292
2025-01-16 20:30:56.150925,288.999,True,1.037879,1.072032,1.10646,1.098817,2025-01-16 20:37:16.591317,2025-01-16 15:37:16.591317
2025-01-16 20:30:57.151075,289.999,False,0.285825,6.9e-05,0.0,0.0,2025-01-16 20:37:17.591467,2025-01-16 15:37:17.591467
2025-01-16 20:30:57.151100,289.999,True,1.037741,1.072238,1.106529,1.098748,2025-01-16 20:37:17.591492,2025-01-16 15:37:17.591492
2025-01-16 20:30:58.150950,290.999,False,0.757907,6.9e-05,0.0,0.0,2025-01-16 20:37:18.591342,2025-01-16 15:37:18.591342
2025-01-16 20:30:58.150975,290.999,True,1.037741,1.071894,1.10646,1.098817,2025-01-16 20:37:18.591367,2025-01-16 15:37:18.591367
2025-01-16 20:30:59.150850,291.999,False,1.038843,6.9e-05,0.0,0.0,2025-01-16 20:37:19.591242,2025-01-16 15:37:19.591242
2025-01-16 20:30:59.150850,291.999,True,1.037741,1.072101,1.106529,1.09861,2025-01-16 20:37:19.591242,2025-01-16 15:37:19.591242
2025-01-16 20:31:00.150825,292.999,False,1.195492,6.9e-05,0.0,0.0,2025-01-16 20:37:20.591217,2025-01-16 15:37:20.591217
2025-01-16 20:31:00.150825,292.999,True,1.037534,1.072032,1.10646,1.09861,2025-01-16 20:37:20.591217,2025-01-16 15:37:20.591217
2025-01-16 20:31:01.150800,293.999,False,1.419277,6.9e-05,0.0,0.0,2025-01-16 20:37:21.591192,2025-01-16 15:37:21.591192
2025-01-16 20:31:01.150825,293.999,True,1.037741,1.072101,1.106391,1.098679,2025-01-16 20:37:21.591217,2025-01-16 15:37:21.591217
2025-01-16 20:31:02.150800,294.999,False,1.718873,6.9e-05,0.0,0.0,2025-01-16 20:37:22.591192,2025-01-16 15:37:22.591192
2025-01-16 20:31:02.150800,294.999,True,1.03781,1.071894,1.106391,1.098817,2025-01-16 20:37:22.591192,2025-01-16 15:37:22.591192
2025-01-16 20:31:03.151975,295.999,False,1.974538,6.9e-05,0.0,0.0,2025-01-16 20:37:23.592367,2025-01-16 15:37:23.592367
2025-01-16 20:31:03.152000,295.999,True,1.037741,1.071963,1.10646,1.098817,2025-01-16 20:37:23.592392,2025-01-16 15:37:23.592392
2025-01-16 20:31:04.151750,296.999,False,2.305051,6.9e-05,0.0,0.0,2025-01-16 20:37:24.592142,2025-01-16 15:37:24.592142
2025-01-16 20:31:04.151775,296.999,True,1.037741,1.072032,1.10646,1.09861,2025-01-16 20:37:24.592167,2025-01-16 15:37:24.592167
2025-01-16 20:31:05.151750,297.999,False,2.538338,6.9e-05,0.0,0.0,2025-01-16 20:37:25.592142,2025-01-16 15:37:25.592142
2025-01-16 20:31:05.151775,297.999,True,1.037741,1.071894,1.106322,1.098748,2025-01-16 20:37:25.592167,2025-01-16 15:37:25.592167
2025-01-16 20:31:06.151750,298.999,False,2.820375,6.9e-05,0.0,0.0,2025-01-16 20:37:26.592142,2025-01-16 15:37:26.592142
2025-01-16 20:31:06.151750,298.999,True,1.037672,1.071963,1.106529,1.098748,2025-01-16 20:37:26.592142,2025-01-16 15:37:26.592142
2025-01-16 20:31:07.151750,299.999,False,3.102412,6.9e-05,0.0,0.0,2025-01-16 20:37:27.592142,2025-01-16 15:37:27.592142
