Date,TimeStamp,HK_id,PinPullerTemp,OpticsTemp,LEXIbaseTemp,HVsupplyTemp,+5.2V_Imon,+10V_Imon,+3.3V_Imon,AnodeVoltMon,+28V_Imon,ADC_Ground,Cmd_count,Pinpuller_Armed,Unused1,Unused2,HVmcpAuto,HVmcpMan,DeltaEvntCount,DeltaDroppedCount,DeltaLostEvntCount
2025-01-16 21:46:08.178650,4800.999,0.0,64.89414550781251,,,,,,,,,,,,,,,,1.0,0.0,0.0
2025-01-16 21:46:09.178350,4801.999,1.0,64.89414550781251,-266.38974609375003,,,,,,,,,,,,,,,1.0,0.0,0.0
2025-01-16 21:46:10.178350,4802.999,2.0,64.89414550781251,-266.38974609375003,37.792104492187484,,,,,,,,,,,,,,1.0,0.0,0.0
2025-01-16 21:46:11.178350,4803.999,3.0,64.89414550781251,-266.38974609375003,37.792104492187484,38.893813476562485,,,,,,,,,,,,,1.0,0.0,0.0
2025-01-16 21:46:12.178350,4804.999,4.0,64.89414550781251,-266.38974609375003,37.792104492187484,38.893813476562485,60.838818359375004,,,,,,,,,,,,1.0,0.0,0.0
2025-01-16 21:46:13.178400,4805.999,5.0,64.89414550781251,-266.38974609375003,37.792104492187484,38.893813476562485,60.838818359375004,0.148730712890625,,,,,,,,,,,1.0,0.0,0.0
2025-01-16 21:46:14.178375,4806.999,6.0,64.89414550781251,-266.38974609375003,37.792104492187484,38.893813476562485,60.838818359375004,0.148730712890625,49.00520248672105,,,,,,,,,,1.0,0.0,0.0
2025-01-16 21:46:15.178375,4807.999,7.0,64.89414550781251,-266.38974609375003,37.792104492187484,38.893813476562485,60.838818359375004,0.148730712890625,49.00520248672105,0.0044068359375,,,,,,,,,1.0,0.0,0.0
2025-01-16 21:46:16.178400,4808.999,8.0,64.89414550781251,-266.38974609375003,37.792104492187484,38.893813476562485,60.838818359375004,0.148730712890625,49.00520248672105,0.0044068359375,40.33338014736622,,,,,,,,1.0,0.0,0.0
2025-01-16 21:46:17.178350,4809.999,9.0,64.89414550781251,-266.38974609375003,37.792104492187484,38.893813476562485,60.838818359375004,0.148730712890625,49.00520248672105,0.0044068359375,40.33338014736622,0.0,,,,,,,1.0,0.0,0.0
2025-01-16 21:46:18.178400,4810.999,10.0,64.89414550781251,-266.38974609375003,37.792104492187484,38.893813476562485,60.838818359375004,0.148730712890625,49.00520248672105,0.0044068359375,40.33338014736622,0.0,0.0,,,,,,1.0,0.0,0.0
2025-01-16 21:46:19.178350,4811.999,11.0,64.89414550781251,-266.38974609375003,37.792104492187484,38.893813476562485,60.838818359375004,0.148730712890625,49.00520248672105,0.0044068359375,40.33338014736622,0.0,0.0,0.0,,,,,1.0,0.0,0.0
2025-01-16 21:46:20.178350,4812.999,0.0,64.89414550781251,-266.38974609375003,37.792104492187484,38.893813476562485,60.838818359375004,0.148730712890625,49.00520248672105,0.0044068359375,40.33338014736622,0.0,0.0,0.0,,,,,1.0,0.0,0.0
2025-01-16 21:46:21.178350,4813.999,1.0,64.89414550781251,-266.38974609375003,37.792104492187484,38.893813476562485,60.838818359375004,0.148730712890625,49.00520248672105,0.0044068359375,40.33338014736622,0.0,0.0,0.0,,,,,1.0,0.0,0.0
2025-01-16 21:46:22.178875,4814.999,2.0,64.89414550781251,-266.38974609375003,37.792104492187484,38.893813476562485,60.838818359375004,0.148730712890625,49.00520248672105,0.0044068359375,40.33338014736622,0.0,0.0,0.0,,,,,1.0,0.0,0.0
2025-01-16 21:46:23.178350,4815.999,3.0,64.89414550781251,-266.38974609375003,37.792104492187484,38.893813476562485,60.838818359375004,0.148730712890625,49.00520248672105,0.0044068359375,40.33338014736622,0.0,0.0,0.0,,,,,1.0,0.0,0.0
2025-01-16 21:46:24.178400,4816.999,4.0,64.89414550781251,-266.38974609375003,37.792104492187484,38.893813476562485,60.838818359375004,0.148730712890625,49.00520248672105,0.0044068359375,40.33338014736622,0.0,0.0,0.0,,,,,1.0,0.0,0.0
2025-01-16 21:46:25.178400,4817.999,5.0,64.89414550781251,-266.38974609375003,37.792104492187484,38.893813476562485,60.838818359375004,0.148730712890625,49.00520248672105,0.0044068359375,40.33338014736622,0.0,0.0,0.0,,,,,1.0,0.0,0.0
2025-01-16 21:46:26.178375,4818.999,6.0,64.89414550781251,-266.38974609375003,37.792104492187484,38.893813476562485,60.838818359375004,0.148730712890625,48.76389069515934,0.0044068359375,40.33338014736622,0.0,0.0,0.0,,,,,1.0,0.0,0.0
2025-01-16 21:46:27.178375,4819.999,7.0,64.89414550781251,-266.38974609375003,37.792104492187484,38.893813476562485,60.838818359375004,0.148730712890625,48.76389069515934,0.0044068359375,40.33338014736622,0.0,0.0,0.0,,,,,1.0,0.0,0.0
2025-01-16 21:46:28.178375,4820.999,8.0,64.89414550781251,-266.38974609375003,37.792104492187484,38.893813476562485,60.838818359375004,0.148730712890625,48.76389069515934,0.0044068359375,44.9391869382316,0.0,0.0,0.0,,,,,1.0,0.0,0.0
2025-01-16 21:46:29.178350,4821.999,9.0,64.89414550781251,-266.38974609375003,37.792104492187484,38.893813476562485,60.838818359375004,0.148730712890625,48.76389069515934,0.0044068359375,44.9391869382316,0.0,0.0,0.0,,,,,1.0,0.0,0.0
2025-01-16 21:46:30.178350,4822.999,10.0,64.89414550781251,-266.38974609375003,37.792104492187484,38.893813476562485,60.838818359375004,0.148730712890625,48.76389069515934,0.0044068359375,44.9391869382316,0.0,0.0,0.0,,,,,1.0,0.0,0.0
2025-01-16 21:46:31.178350,4823.999,11.0,64.89414550781251,-266.38974609375003,37.792104492187484,38.893813476562485,60.838818359375004,0.148730712890625,48.76389069515934,0.0044068359375,44.9391869382316,0.0,0.0,0.0,,,,,1.0,0.0,0.0
2025-01-16 21:46:32.178375,4824.999,0.0,65.00431640625001,-266.38974609375003,37.792104492187484,38.893813476562485,60.838818359375004,0.148730712890625,48.76389069515934,0.0044068359375,44.9391869382316,0.0,0.0,0.0,,,,,1.0,0.0,0.0
2025-01-16 21:46:33.178375,4825.999,1.0,65.00431640625001,-266.38974609375003,37.792104492187484,38.893813476562485,60.838818359375004,0.148730712890625,48.76389069515934,0.0044068359375,44.9391869382316,0.0,0.0,0.0,,,,,1.0,0.0,0.0
2025-01-16 21:46:34.178350,4826.999,2.0,65.00431640625001,-266.38974609375003,37.792104492187484,38.893813476562485,60.838818359375004,0.148730712890625,48.76389069515934,0.0044068359375,44.9391869382316,0.0,0.0,0.0,,,,,1.0,0.0,0.0
2025-01-16 21:46:35.178350,4827.999,3.0,65.00431640625001,-266.38974609375003,37.792104492187484,38.893813476562485,60.838818359375004,0.148730712890625,48.76389069515934,0.0044068359375,44.9391869382316,0.0,0.0,0.0,,,,,1.0,0.0,0.0
2025-01-16 21:46:36.178350,4828.999,4.0,65.00431640625001,-266.38974609375003,37.792104492187484,38.893813476562485,60.226757812500004,0.148730712890625,48.76389069515934,0.0044068359375,44.9391869382316,0.0,0.0,0.0,,,,,1.0,0.0,0.0
2025-01-16 21:46:37.178350,4829.999,5.0,65.00431640625001,-266.38974609375003,37.792104492187484,38.893813476562485,60.226757812500004,0.148730712890625,48.76389069515934,0.0044068359375,44.9391869382316,0.0,0.0,0.0,,,,,1.0,0.0,0.0
2025-01-16 21:46:38.178350,4830.999,6.0,65.00431640625001,-266.38974609375003,37.792104492187484,38.893813476562485,60.226757812500004,0.148730712890625,48.884546590940204,0.0044068359375,44.9391869382316,0.0,0.0,0.0,,,,,1.0,0.0,0.0
2025-01-16 21:46:39.178350,4831.999,7.0,65.00431640625001,-266.38974609375003,37.792104492187484,38.893813476562485,60.226757812500004,0.148730712890625,48.884546590940204,0.0044068359375,44.9391869382316,0.0,0.0,0.0,,,,,1.0,0.0,0.0
2025-01-16 21:46:40.178375,4832.999,8.0,65.00431640625001,-266.38974609375003,37.792104492187484,38.893813476562485,60.226757812500004,0.148730712890625,48.884546590940204,0.0044068359375,44.9391869382316,0.0,0.0,0.0,,,,,1.0,0.0,0.0
2025-01-16 21:46:41.178400,4833.999,9.0,65.00431640625001,-266.38974609375003,37.792104492187484,38.893813476562485,60.226757812500004,0.148730712890625,48.884546590940204,0.0044068359375,44.9391869382316,0.0,0.0,0.0,,,,,1.0,0.0,0.0
2025-01-16 21:46:42.178400,4834.999,10.0,65.00431640625001,-266.38974609375003,37.792104492187484,38.893813476562485,60.226757812500004,0.148730712890625,48.884546590940204,0.0044068359375,44.9391869382316,0.0,0.0,0.0,,,,,1.0,0.0,0.0
2025-01-16 21:46:43.178400,4835.999,11.0,65.00431640625001,-266.38974609375003,37.792104492187484,38.893813476562485,60.226757812500004,0.148730712890625,48.884546590940204,0.0044068359375,44.9391869382316,0.0,0.0,0.0,,,,,1.0,0.0,0.0
2025-01-16 21:46:44.178400,4836.999,0.0,64.89414550781251,-266.38974609375003,37.792104492187484,38.893813476562485,60.226757812500004,0.148730712890625,48.884546590940204,0.0044068359375,44.9391869382316,0.0,0.0,0.0,,,,,1.0,0.0,0.0
2025-01-16 21:46:45.178375,4837.999,1.0,64.89414550781251,-266.38974609375003,37.792104492187484,38.893813476562485,60.226757812500004,0.148730712890625,48.884546590940204,0.0044068359375,44.9391869382316,0.0,0.0,0.0,,,,,1.0,0.0,0.0
2025-01-16 21:46:46.178400,4838.999,2.0,64.89414550781251,-266.38974609375003,37.792104492187484,38.893813476562485,60.226757812500004,0.148730712890625,48.884546590940204,0.0044068359375,44.9391869382316,0.0,0.0,0.0,,,,,1.0,0.0,0.0
2025-01-16 21:46:47.178425,4839.999,3.0,64.89414550781251,-266.38974609375003,37.792104492187484,38.893813476562485,60.226757812500004,0.148730712890625,48.884546590940204,0.0044068359375,44.9391869382316,0.0,0.0,0.0,,,,,1.0,0.0,0.0
2025-01-16 21:46:48.178350,4840.999,4.0,64.89414550781251,-266.38974609375003,37.792104492187484,38.893813476562485,60.226757812500004,0.148730712890625,48.884546590940204,0.0044068359375,44.9391869382316,0.0,0.0,0.0,,,,,1.0,0.0,0.0
2025-01-16 21:46:49.178375,4841.999,5.0,64.89414550781251,-266.38974609375003,37.792104492187484,38.893813476562485,60.226757812500004,0.148730712890625,48.884546590940204,0.0044068359375,44.9391869382316,0.0,0.0,0.0,,,,,1.0,0.0,0.0
2025-01-16 21:46:50.178400,4842.999,6.0,64.89414550781251,-266.38974609375003,37.792104492187484,38.893813476562485,60.226757812500004,0.148730712890625,48.884546590940204,0.0044068359375,44.9391869382316,0.0,0.0,0.0,,,,,1.0,0.0,0.0
2025-01-16 21:46:51.178400,4843.999,7.0,64.89414550781251,-266.38974609375003,37.792104492187484,38.893813476562485,60.226757812500004,0.148730712890625,48.884546590940204,0.0044068359375,44.9391869382316,0.0,0.0,0.0,,,,,1.0,0.0,0.0
2025-01-16 21:46:52.178375,4844.999,8.0,64.89414550781251,-266.38974609375003,37.792104492187484,38.893813476562485,60.226757812500004,0.148730712890625,48.884546590940204,0.0044068359375,42.789810435827754,0.0,0.0,0.0,,,,,1.0,0.0,0.0
2025-01-16 21:46:53.178375,4845.999,9.0,64.89414550781251,-266.38974609375003,37.792104492187484,38.893813476562485,60.226757812500004,0.148730712890625,48.884546590940204,0.0044068359375,42.789810435827754,0.0,0.0,0.0,,,,,1.0,0.0,0.0
2025-01-16 21:46:54.178350,4846.999,10.0,64.89414550781251,-266.38974609375003,37.792104492187484,38.893813476562485,60.226757812500004,0.148730712890625,48.884546590940204,0.0044068359375,42.789810435827754,0.0,0.0,0.0,,,,,1.0,0.0,0.0
2025-01-16 21:46:55.178400,4847.999,11.0,64.89414550781251,-266.38974609375003,37.792104492187484,38.893813476562485,60.226757812500004,0.148730712890625,48.884546590940204,0.0044068359375,42.789810435827754,0.0,0.0,0.0,,,,,1.0,0.0,0.0
2025-01-16 21:46:56.178400,4848.999,0.0,64.89414550781251,-266.38974609375003,37.792104492187484,38.893813476562485,60.226757812500004,0.148730712890625,48.884546590940204,0.0044068359375,42.789810435827754,0.0,0.0,0.0,,,,,1.0,0.0,0.0
2025-01-16 21:46:57.178400,4849.999,1.0,64.89414550781251,-266.38974609375003,37.792104492187484,38.893813476562485,60.226757812500004,0.148730712890625,48.884546590940204,0.0044068359375,42.789810435827754,0.0,0.0,0.0,,,,,1.0,0.0,0.0
2025-01-16 21:46:58.178450,4850.999,2.0,64.89414550781251,-266.38974609375003,37.792104492187484,38.893813476562485,60.226757812500004,0.148730712890625,48.884546590940204,0.0044068359375,42.789810435827754,0.0,0.0,0.0,,,,,1.0,0.0,0.0
2025-01-16 21:46:59.178450,4851.999,3.0,64.89414550781251,-266.38974609375003,37.792104492187484,38.893813476562485,60.226757812500004,0.148730712890625,48.884546590940204,0.0044068359375,42.789810435827754,0.0,0.0,0.0,,,,,1.0,0.0,0.0
2025-01-16 21:47:00.178400,4852.999,4.0,64.89414550781251,-266.38974609375003,37.792104492187484,38.893813476562485,59.798315429687506,0.148730712890625,48.884546590940204,0.0044068359375,42.789810435827754,0.0,0.0,0.0,,,,,1.0,0.0,0.0
2025-01-16 21:47:01.178375,4853.999,5.0,64.89414550781251,-266.38974609375003,37.792104492187484,38.893813476562485,59.798315429687506,0.148730712890625,48.884546590940204,0.0044068359375,42.789810435827754,0.0,0.0,0.0,,,,,1.0,0.0,0.0
2025-01-16 21:47:02.178375,4854.999,6.0,64.89414550781251,-266.38974609375003,37.792104492187484,38.893813476562485,59.798315429687506,0.148730712890625,48.884546590940204,0.0044068359375,42.789810435827754,0.0,0.0,0.0,,,,,1.0,0.0,0.0
2025-01-16 21:47:03.178375,4855.999,7.0,64.89414550781251,-266.38974609375003,37.792104492187484,38.893813476562485,59.798315429687506,0.148730712890625,48.884546590940204,0.0044068359375,42.789810435827754,0.0,0.0,0.0,,,,,1.0,0.0,0.0
2025-01-16 21:47:04.178350,4856.999,8.0,64.89414550781251,-266.38974609375003,37.792104492187484,38.893813476562485,59.798315429687506,0.148730712890625,48.884546590940204,0.0044068359375,44.386490123327754,0.0,0.0,0.0,,,,,1.0,0.0,0.0
2025-01-16 21:47:05.178350,4857.999,9.0,64.89414550781251,-266.38974609375003,37.792104492187484,38.893813476562485,59.798315429687506,0.148730712890625,48.884546590940204,0.0044068359375,44.386490123327754,0.0,0.0,0.0,,,,,1.0,0.0,0.0
2025-01-16 21:47:06.178325,4858.999,10.0,64.89414550781251,-266.38974609375003,37.792104492187484,38.893813476562485,59.798315429687506,0.148730712890625,48.884546590940204,0.0044068359375,44.386490123327754,0.0,0.0,0.0,,,,,1.0,0.0,0.0
2025-01-16 21:47:07.178550,4859.999,11.0,64.89414550781251,-266.38974609375003,37.792104492187484,38.893813476562485,59.798315429687506,0.148730712890625,48.884546590940204,0.0044068359375,44.386490123327754,0.0,0.0,0.0,,,,,1.0,0.0,0.0
2025-01-16 21:47:08.178350,4860.999,0.0,65.00431640625001,-266.38974609375003,37.792104492187484,38.893813476562485,59.798315429687506,0.148730712890625,48.884546590940204,0.0044068359375,44.386490123327754,0.0,0.0,0.0,,,,,1.0,0.0,0.0
2025-01-16 21:47:09.178350,4861.999,1.0,65.00431640625001,-266.38974609375003,37.792104492187484,38.893813476562485,59.798315429687506,0.148730712890625,48.884546590940204,0.0044068359375,44.386490123327754,0.0,0.0,0.0,,,,,1.0,0.0,0.0
2025-01-16 21:47:10.178375,4862.999,2.0,65.00431640625001,-266.38974609375003,37.792104492187484,38.893813476562485,59.798315429687506,0.148730712890625,48.884546590940204,0.0044068359375,44.386490123327754,0.0,0.0,0.0,,,,,1.0,0.0,0.0
2025-01-16 21:47:11.178925,4863.999,3.0,65.00431640625001,-266.38974609375003,37.792104492187484,39.00398437499999,59.798315429687506,0.148730712890625,48.884546590940204,0.0044068359375,44.386490123327754,0.0,0.0,0.0,,,,,1.0,0.0,0.0
2025-01-16 21:47:12.178350,4864.999,4.0,65.00431640625001,-266.38974609375003,37.792104492187484,39.00398437499999,60.165551757812494,0.148730712890625,48.884546590940204,0.0044068359375,44.386490123327754,0.0,0.0,0.0,,,,,1.0,0.0,0.0
2025-01-16 21:47:13.178375,4865.999,5.0,65.00431640625001,-266.38974609375003,37.792104492187484,39.00398437499999,60.165551757812494,0.148730712890625,48.884546590940204,0.0044068359375,44.386490123327754,0.0,0.0,0.0,,,,,1.0,0.0,0.0
2025-01-16 21:47:14.178400,4866.999,6.0,65.00431640625001,-266.38974609375003,37.792104492187484,39.00398437499999,60.165551757812494,0.148730712890625,48.884546590940204,0.0044068359375,44.386490123327754,0.0,0.0,0.0,,,,,1.0,0.0,0.0
2025-01-16 21:47:15.178400,4867.999,7.0,65.00431640625001,-266.38974609375003,37.792104492187484,39.00398437499999,60.165551757812494,0.148730712890625,48.884546590940204,0.0044068359375,44.386490123327754,0.0,0.0,0.0,,,,,1.0,0.0,0.0
2025-01-16 21:47:16.178400,4868.999,8.0,65.00431640625001,-266.38974609375003,37.792104492187484,39.00398437499999,60.165551757812494,0.148730712890625,48.884546590940204,0.0044068359375,42.851221193039294,0.0,0.0,0.0,,,,,1.0,0.0,0.0
2025-01-16 21:47:17.178375,4869.999,9.0,65.00431640625001,-266.38974609375003,37.792104492187484,39.00398437499999,60.165551757812494,0.148730712890625,48.884546590940204,0.0044068359375,42.851221193039294,0.0,0.0,0.0,,,,,1.0,0.0,0.0
2025-01-16 21:47:18.178375,4870.999,10.0,65.00431640625001,-266.38974609375003,37.792104492187484,39.00398437499999,60.165551757812494,0.148730712890625,48.884546590940204,0.0044068359375,42.851221193039294,0.0,0.0,0.0,,,,,1.0,0.0,0.0
2025-01-16 21:47:19.178375,4871.999,11.0,65.00431640625001,-266.38974609375003,37.792104492187484,39.00398437499999,60.165551757812494,0.148730712890625,48.884546590940204,0.0044068359375,42.851221193039294,0.0,0.0,0.0,,,,,1.0,0.0,0.0
2025-01-16 21:47:20.178425,4872.999,0.0,65.00431640625001,-266.38974609375003,37.792104492187484,39.00398437499999,60.165551757812494,0.148730712890625,48.884546590940204,0.0044068359375,42.851221193039294,0.0,0.0,0.0,,,,,1.0,0.0,0.0
2025-01-16 21:47:21.178400,4873.999,1.0,65.00431640625001,-266.38974609375003,37.792104492187484,39.00398437499999,60.165551757812494,0.148730712890625,48.884546590940204,0.0044068359375,42.851221193039294,0.0,0.0,0.0,,,,,1.0,0.0,0.0
2025-01-16 21:47:22.178400,4874.999,2.0,65.00431640625001,-266.38974609375003,37.792104492187484,39.00398437499999,60.165551757812494,0.148730712890625,48.884546590940204,0.0044068359375,42.851221193039294,0.0,0.0,0.0,,,,,1.0,0.0,0.0
2025-01-16 21:47:23.178425,4875.999,3.0,65.00431640625001,-266.38974609375003,37.792104492187484,38.893813476562485,60.165551757812494,0.148730712890625,48.884546590940204,0.0044068359375,42.851221193039294,0.0,0.0,0.0,,,,,1.0,0.0,0.0
2025-01-16 21:47:24.178425,4876.999,4.0,65.00431640625001,-266.38974609375003,37.792104492187484,38.893813476562485,60.593994140625,0.148730712890625,48.884546590940204,0.0044068359375,42.851221193039294,0.0,0.0,0.0,,,,,1.0,0.0,0.0
2025-01-16 21:47:25.178400,4877.999,5.0,65.00431640625001,-266.38974609375003,37.792104492187484,38.893813476562485,60.593994140625,0.148730712890625,48.884546590940204,0.0044068359375,42.851221193039294,0.0,0.0,0.0,,,,,1.0,0.0,0.0
2025-01-16 21:47:26.178425,4878.999,6.0,65.00431640625001,-266.38974609375003,37.792104492187484,38.893813476562485,60.593994140625,0.148730712890625,48.884546590940204,0.0044068359375,42.851221193039294,0.0,0.0,0.0,,,,,1.0,0.0,0.0
2025-01-16 21:47:27.178400,4879.999,7.0,65.00431640625001,-266.38974609375003,37.792104492187484,38.893813476562485,60.593994140625,0.148730712890625,48.884546590940204,0.0044068359375,42.851221193039294,0.0,0.0,0.0,,,,,1.0,0.0,0.0
2025-01-16 21:47:28.178375,4880.999,8.0,65.00431640625001,-266.38974609375003,37.792104492187484,38.893813476562485,60.593994140625,0.148730712890625,48.884546590940204,0.0044068359375,43.77238255121237,0.0,0.0,0.0,,,,,1.0,0.0,0.0
2025-01-16 21:47:29.178375,4881.999,9.0,65.00431640625001,-266.38974609375003,37.792104492187484,38.893813476562485,60.593994140625,0.148730712890625,48.884546590940204,0.0044068359375,43.77238255121237,0.0,0.0,0.0,,,,,1.0,0.0,0.0
2025-01-16 21:47:30.178425,4882.999,10.0,65.00431640625001,-266.38974609375003,37.792104492187484,38.893813476562485,60.593994140625,0.148730712890625,48.884546590940204,0.0044068359375,43.77238255121237,0.0,0.0,0.0,,,,,1.0,0.0,0.0
2025-01-16 21:47:31.178400,4883.999,11.0,65.00431640625001,-266.38974609375003,37.792104492187484,38.893813476562485,60.593994140625,0.148730712890625,48.884546590940204,0.0044068359375,43.77238255121237,0.0,0.0,0.0,,,,,1.0,0.0,0.0
2025-01-16 21:47:32.178425,4884.999,0.0,65.00431640625001,-266.38974609375003,37.792104492187484,38.893813476562485,60.593994140625,0.148730712890625,48.884546590940204,0.0044068359375,43.77238255121237,0.0,0.0,0.0,,,,,1.0,0.0,0.0
2025-01-16 21:47:33.178425,4885.999,1.0,65.00431640625001,-266.38974609375003,37.792104492187484,38.893813476562485,60.593994140625,0.148730712890625,48.884546590940204,0.0044068359375,43.77238255121237,0.0,0.0,0.0,,,,,1.0,0.0,0.0
2025-01-16 21:47:34.178400,4886.999,2.0,65.00431640625001,-266.38974609375003,37.68193359374998,38.893813476562485,60.593994140625,0.148730712890625,48.884546590940204,0.0044068359375,43.77238255121237,0.0,0.0,0.0,,,,,1.0,0.0,0.0
2025-01-16 21:47:35.178450,4887.999,3.0,65.00431640625001,-266.38974609375003,37.68193359374998,39.00398437499999,60.593994140625,0.148730712890625,48.884546590940204,0.0044068359375,43.77238255121237,0.0,0.0,0.0,,,,,1.0,0.0,0.0
2025-01-16 21:47:36.178400,4888.999,4.0,65.00431640625001,-266.38974609375003,37.68193359374998,39.00398437499999,60.593994140625,0.148730712890625,48.884546590940204,0.0044068359375,43.77238255121237,0.0,0.0,0.0,,,,,1.0,0.0,0.0
2025-01-16 21:47:37.178400,4889.999,5.0,65.00431640625001,-266.38974609375003,37.68193359374998,39.00398437499999,60.593994140625,0.148730712890625,48.884546590940204,0.0044068359375,43.77238255121237,0.0,0.0,0.0,,,,,1.0,0.0,0.0
2025-01-16 21:47:38.178425,4890.999,6.0,65.00431640625001,-266.38974609375003,37.68193359374998,39.00398437499999,60.593994140625,0.148730712890625,48.884546590940204,0.0044068359375,43.77238255121237,0.0,0.0,0.0,,,,,1.0,0.0,0.0
2025-01-16 21:47:39.178450,4891.999,7.0,65.00431640625001,-266.38974609375003,37.68193359374998,39.00398437499999,60.593994140625,0.148730712890625,48.884546590940204,0.0044068359375,43.77238255121237,0.0,0.0,0.0,,,,,1.0,0.0,0.0
2025-01-16 21:47:40.178375,4892.999,8.0,65.00431640625001,-266.38974609375003,37.68193359374998,39.00398437499999,60.593994140625,0.148730712890625,48.884546590940204,0.0044068359375,45.43047299592391,0.0,0.0,0.0,,,,,1.0,0.0,0.0
2025-01-16 21:47:41.178400,4893.999,9.0,65.00431640625001,-266.38974609375003,37.68193359374998,39.00398437499999,60.593994140625,0.148730712890625,48.884546590940204,0.0044068359375,45.43047299592391,0.0,0.0,0.0,,,,,1.0,0.0,0.0
2025-01-16 21:47:42.178375,4894.999,10.0,65.00431640625001,-266.38974609375003,37.68193359374998,39.00398437499999,60.593994140625,0.148730712890625,48.884546590940204,0.0044068359375,45.43047299592391,0.0,0.0,0.0,,,,,1.0,0.0,0.0
2025-01-16 21:47:43.178375,4895.999,11.0,65.00431640625001,-266.38974609375003,37.68193359374998,39.00398437499999,60.593994140625,0.148730712890625,48.884546590940204,0.0044068359375,45.43047299592391,0.0,0.0,0.0,,,,,1.0,0.0,0.0
2025-01-16 21:47:44.178375,4896.999,0.0,65.00431640625001,-266.38974609375003,37.68193359374998,39.00398437499999,60.593994140625,0.148730712890625,48.884546590940204,0.0044068359375,45.43047299592391,0.0,0.0,0.0,,,,,1.0,0.0,0.0
2025-01-16 21:47:45.178400,4897.999,1.0,65.00431640625001,-266.38974609375003,37.68193359374998,39.00398437499999,60.593994140625,0.148730712890625,48.884546590940204,0.0044068359375,45.43047299592391,0.0,0.0,0.0,,,,,1.0,0.0,0.0
2025-01-16 21:47:46.178475,4898.999,2.0,65.00431640625001,-266.38974609375003,37.792104492187484,39.00398437499999,60.593994140625,0.148730712890625,48.884546590940204,0.0044068359375,45.43047299592391,0.0,0.0,0.0,,,,,1.0,0.0,0.0
2025-01-16 21:47:47.178425,4899.999,3.0,65.00431640625001,-266.38974609375003,37.792104492187484,39.00398437499999,60.593994140625,0.148730712890625,48.884546590940204,0.0044068359375,45.43047299592391,0.0,0.0,0.0,,,,,1.0,0.0,0.0
2025-01-16 21:47:48.178375,4900.999,4.0,65.00431640625001,-266.38974609375003,37.792104492187484,39.00398437499999,60.65520019531251,0.148730712890625,48.884546590940204,0.0044068359375,45.43047299592391,0.0,0.0,0.0,,,,,1.0,0.0,0.0
2025-01-16 21:47:49.178375,4901.999,5.0,65.00431640625001,-266.38974609375003,37.792104492187484,39.00398437499999,60.65520019531251,0.148730712890625,48.884546590940204,0.0044068359375,45.43047299592391,0.0,0.0,0.0,,,,,1.0,0.0,0.0
2025-01-16 21:47:50.178400,4902.999,6.0,65.00431640625001,-266.38974609375003,37.792104492187484,39.00398437499999,60.65520019531251,0.148730712890625,49.00520248672105,0.0044068359375,45.43047299592391,0.0,0.0,0.0,,,,,1.0,0.0,0.0
2025-01-16 21:47:51.178400,4903.999,7.0,65.00431640625001,-266.38974609375003,37.792104492187484,39.00398437499999,60.65520019531251,0.148730712890625,49.00520248672105,0.0044068359375,45.43047299592391,0.0,0.0,0.0,,,,,1.0,0.0,0.0
2025-01-16 21:47:52.178400,4904.999,8.0,65.00431640625001,-266.38974609375003,37.792104492187484,39.00398437499999,60.65520019531251,0.148730712890625,49.00520248672105,0.0044068359375,45.49188375313545,0.0,0.0,0.0,,,,,1.0,0.0,0.0
2025-01-16 21:47:53.178375,4905.999,9.0,65.00431640625001,-266.38974609375003,37.792104492187484,39.00398437499999,60.65520019531251,0.148730712890625,49.00520248672105,0.0044068359375,45.49188375313545,0.0,0.0,0.0,,,,,1.0,0.0,0.0
2025-01-16 21:47:54.178375,4906.999,10.0,65.00431640625001,-266.38974609375003,37.792104492187484,39.00398437499999,60.65520019531251,0.148730712890625,49.00520248672105,0.0044068359375,45.49188375313545,0.0,0.0,0.0,,,,,1.0,0.0,0.0
2025-01-16 21:47:55.178375,4907.999,11.0,65.00431640625001,-266.38974609375003,37.792104492187484,39.00398437499999,60.65520019531251,0.148730712890625,49.00520248672105,0.0044068359375,45.49188375313545,0.0,0.0,0.0,,,,,1.0,0.0,0.0
2025-01-16 21:47:56.178375,4908.999,0.0,65.00431640625001,-266.38974609375003,37.792104492187484,39.00398437499999,60.65520019531251,0.148730712890625,49.00520248672105,0.0044068359375,45.49188375313545,0.0,0.0,0.0,,,,,1.0,0.0,0.0
2025-01-16 21:47:57.178375,4909.999,1.0,65.00431640625001,-266.38974609375003,37.792104492187484,39.00398437499999,60.65520019531251,0.148730712890625,49.00520248672105,0.0044068359375,45.49188375313545,0.0,0.0,0.0,,,,,1.0,0.0,0.0
2025-01-16 21:47:58.178375,4910.999,2.0,65.00431640625001,-266.38974609375003,37.792104492187484,39.00398437499999,60.65520019531251,0.148730712890625,49.00520248672105,0.0044068359375,45.49188375313545,0.0,0.0,0.0,,,,,1.0,0.0,0.0
2025-01-16 21:47:59.178575,4911.999,3.0,65.00431640625001,-266.38974609375003,37.792104492187484,39.00398437499999,60.65520019531251,0.148730712890625,49.00520248672105,0.0044068359375,45.49188375313545,0.0,0.0,0.0,,,,,1.0,0.0,0.0
2025-01-16 21:48:00.178500,4912.999,4.0,65.00431640625001,-266.38974609375003,37.792104492187484,39.00398437499999,60.471582031249994,0.148730712890625,49.00520248672105,0.0044068359375,45.49188375313545,0.0,0.0,0.0,,,,,1.0,0.0,0.0
2025-01-16 21:48:01.178425,4913.999,5.0,65.00431640625001,-266.38974609375003,37.792104492187484,39.00398437499999,60.471582031249994,0.148730712890625,49.00520248672105,0.0044068359375,45.49188375313545,0.0,0.0,0.0,,,,,1.0,0.0,0.0
2025-01-16 21:48:02.178400,4914.999,6.0,65.00431640625001,-266.38974609375003,37.792104492187484,39.00398437499999,60.471582031249994,0.148730712890625,48.884546590940204,0.0044068359375,45.49188375313545,0.0,0.0,0.0,,,,,1.0,0.0,0.0
2025-01-16 21:48:03.178400,4915.999,7.0,65.00431640625001,-266.38974609375003,37.792104492187484,39.00398437499999,60.471582031249994,0.148730712890625,48.884546590940204,0.0044068359375,45.49188375313545,0.0,0.0,0.0,,,,,1.0,0.0,0.0
2025-01-16 21:48:04.178400,4916.999,8.0,65.00431640625001,-266.38974609375003,37.792104492187484,39.00398437499999,60.471582031249994,0.148730712890625,48.884546590940204,0.0044068359375,43.58815027957775,0.0,0.0,0.0,,,,,1.0,0.0,0.0
2025-01-16 21:48:05.178400,4917.999,9.0,65.00431640625001,-266.38974609375003,37.792104492187484,39.00398437499999,60.471582031249994,0.148730712890625,48.884546590940204,0.0044068359375,43.58815027957775,0.0,0.0,0.0,,,,,1.0,0.0,0.0
2025-01-16 21:48:06.178425,4918.999,10.0,65.00431640625001,-266.38974609375003,37.792104492187484,39.00398437499999,60.471582031249994,0.148730712890625,48.884546590940204,0.0044068359375,43.58815027957775,0.0,0.0,0.0,,,,,1.0,0.0,0.0
2025-01-16 21:48:07.178425,4919.999,11.0,65.00431640625001,-266.38974609375003,37.792104492187484,39.00398437499999,60.471582031249994,0.148730712890625,48.884546590940204,0.0044068359375,43.58815027957775,0.0,0.0,0.0,,,,,1.0,0.0,0.0
2025-01-16 21:48:08.178400,4920.999,0.0,65.00431640625001,-266.38974609375003,37.792104492187484,39.00398437499999,60.471582031249994,0.148730712890625,48.884546590940204,0.0044068359375,43.58815027957775,0.0,0.0,0.0,,,,,1.0,0.0,0.0
2025-01-16 21:48:09.178400,4921.999,1.0,65.00431640625001,-266.38974609375003,37.792104492187484,39.00398437499999,60.471582031249994,0.148730712890625,48.884546590940204,0.0044068359375,43.58815027957775,0.0,0.0,0.0,,,,,1.0,0.0,0.0
2025-01-16 21:48:10.178425,4922.999,2.0,65.00431640625001,-266.38974609375003,37.792104492187484,39.00398437499999,60.471582031249994,0.148730712890625,48.884546590940204,0.0044068359375,43.58815027957775,0.0,0.0,0.0,,,,,1.0,0.0,0.0
2025-01-16 21:48:11.178425,4923.999,3.0,65.00431640625001,-266.38974609375003,37.792104492187484,39.00398437499999,60.471582031249994,0.148730712890625,48.884546590940204,0.0044068359375,43.58815027957775,0.0,0.0,0.0,,,,,1.0,0.0,0.0
2025-01-16 21:48:12.178450,4924.999,4.0,65.00431640625001,-266.38974609375003,37.792104492187484,39.00398437499999,60.043139648437496,0.148730712890625,48.884546590940204,0.0044068359375,43.58815027957775,0.0,0.0,0.0,,,,,1.0,0.0,0.0
2025-01-16 21:48:13.178400,4925.999,5.0,65.00431640625001,-266.38974609375003,37.792104492187484,39.00398437499999,60.043139648437496,0.148730712890625,48.884546590940204,0.0044068359375,43.58815027957775,0.0,0.0,0.0,,,,,1.0,0.0,0.0
2025-01-16 21:48:14.178425,4926.999,6.0,65.00431640625001,-266.38974609375003,37.792104492187484,39.00398437499999,60.043139648437496,0.148730712890625,49.00520248672105,0.0044068359375,43.58815027957775,0.0,0.0,0.0,,,,,1.0,0.0,0.0
2025-01-16 21:48:15.178425,4927.999,7.0,65.00431640625001,-266.38974609375003,37.792104492187484,39.00398437499999,60.043139648437496,0.148730712890625,49.00520248672105,0.0044068359375,43.58815027957775,0.0,0.0,0.0,,,,,1.0,0.0,0.0
2025-01-16 21:48:16.178425,4928.999,8.0,65.00431640625001,-266.38974609375003,37.792104492187484,39.00398437499999,60.043139648437496,0.148730712890625,49.00520248672105,0.0044068359375,43.46532876515468,0.0,0.0,0.0,,,,,1.0,0.0,0.0
2025-01-16 21:48:17.178400,4929.999,9.0,65.00431640625001,-266.38974609375003,37.792104492187484,39.00398437499999,60.043139648437496,0.148730712890625,49.00520248672105,0.0044068359375,43.46532876515468,0.0,0.0,0.0,,,,,1.0,0.0,0.0
2025-01-16 21:48:18.178400,4930.999,10.0,65.00431640625001,-266.38974609375003,37.792104492187484,39.00398437499999,60.043139648437496,0.148730712890625,49.00520248672105,0.0044068359375,43.46532876515468,0.0,0.0,0.0,,,,,1.0,0.0,0.0
2025-01-16 21:48:19.178400,4931.999,11.0,65.00431640625001,-266.38974609375003,37.792104492187484,39.00398437499999,60.043139648437496,0.148730712890625,49.00520248672105,0.0044068359375,43.46532876515468,0.0,0.0,0.0,,,,,1.0,0.0,0.0
2025-01-16 21:48:20.178450,4932.999,0.0,65.00431640625001,-266.38974609375003,37.792104492187484,39.00398437499999,60.043139648437496,0.148730712890625,49.00520248672105,0.0044068359375,43.46532876515468,0.0,0.0,0.0,,,,,1.0,0.0,0.0
2025-01-16 21:48:21.178450,4933.999,1.0,65.00431640625001,-266.38974609375003,37.792104492187484,39.00398437499999,60.043139648437496,0.148730712890625,49.00520248672105,0.0044068359375,43.46532876515468,0.0,0.0,0.0,,,,,1.0,0.0,0.0
2025-01-16 21:48:22.178450,4934.999,2.0,65.00431640625001,-266.38974609375003,37.792104492187484,39.00398437499999,60.043139648437496,0.148730712890625,49.00520248672105,0.0044068359375,43.46532876515468,0.0,0.0,0.0,,,,,1.0,0.0,0.0
2025-01-16 21:48:23.178425,4935.999,3.0,65.00431640625001,-266.38974609375003,37.792104492187484,38.893813476562485,60.043139648437496,0.148730712890625,49.00520248672105,0.0044068359375,43.46532876515468,0.0,0.0,0.0,,,,,1.0,0.0,0.0
2025-01-16 21:48:24.178400,4936.999,4.0,65.00431640625001,-266.38974609375003,37.792104492187484,38.893813476562485,60.043139648437496,0.148730712890625,49.00520248672105,0.0044068359375,43.46532876515468,0.0,0.0,0.0,,,,,1.0,0.0,0.0
2025-01-16 21:48:25.178425,4937.999,5.0,65.00431640625001,-266.38974609375003,37.792104492187484,38.893813476562485,60.043139648437496,0.148730712890625,49.00520248672105,0.0044068359375,43.46532876515468,0.0,0.0,0.0,,,,,1.0,0.0,0.0
2025-01-16 21:48:26.178425,4938.999,6.0,65.00431640625001,-266.38974609375003,37.792104492187484,38.893813476562485,60.043139648437496,0.148730712890625,48.884546590940204,0.0044068359375,43.46532876515468,0.0,0.0,0.0,,,,,1.0,0.0,0.0
2025-01-16 21:48:27.178425,4939.999,7.0,65.00431640625001,-266.38974609375003,37.792104492187484,38.893813476562485,60.043139648437496,0.148730712890625,48.884546590940204,0.0044068359375,43.46532876515468,0.0,0.0,0.0,,,,,1.0,0.0,0.0
2025-01-16 21:48:28.178425,4940.999,8.0,65.00431640625001,-266.38974609375003,37.792104492187484,38.893813476562485,60.043139648437496,0.148730712890625,48.884546590940204,0.0044068359375,44.1408470944816,0.0,0.0,0.0,,,,,1.0,0.0,0.0
2025-01-16 21:48:29.178375,4941.999,9.0,65.00431640625001,-266.38974609375003,37.792104492187484,38.893813476562485,60.043139648437496,0.148730712890625,48.884546590940204,0.0044068359375,44.1408470944816,0.0,0.0,0.0,,,,,1.0,0.0,0.0
2025-01-16 21:48:30.178375,4942.999,10.0,65.00431640625001,-266.38974609375003,37.792104492187484,38.893813476562485,60.043139648437496,0.148730712890625,48.884546590940204,0.0044068359375,44.1408470944816,0.0,0.0,0.0,,,,,1.0,0.0,0.0
2025-01-16 21:48:31.178425,4943.999,11.0,65.00431640625001,-266.38974609375003,37.792104492187484,38.893813476562485,60.043139648437496,0.148730712890625,48.884546590940204,0.0044068359375,44.1408470944816,0.0,0.0,0.0,,,,,1.0,0.0,0.0
2025-01-16 21:48:32.178425,4944.999,0.0,65.00431640625001,-266.38974609375003,37.792104492187484,38.893813476562485,60.043139648437496,0.148730712890625,48.884546590940204,0.0044068359375,44.1408470944816,0.0,0.0,0.0,,,,,1.0,0.0,0.0
2025-01-16 21:48:33.178450,4945.999,1.0,65.00431640625001,-266.38974609375003,37.792104492187484,38.893813476562485,60.043139648437496,0.148730712890625,48.884546590940204,0.0044068359375,44.1408470944816,0.0,0.0,0.0,,,,,1.0,0.0,0.0
2025-01-16 21:48:34.178400,4946.999,2.0,65.00431640625001,-266.38974609375003,37.792104492187484,38.893813476562485,60.043139648437496,0.148730712890625,48.884546590940204,0.0044068359375,44.1408470944816,0.0,0.0,0.0,,,,,1.0,0.0,0.0
2025-01-16 21:48:35.178450,4947.999,3.0,65.00431640625001,-266.38974609375003,37.792104492187484,39.00398437499999,60.043139648437496,0.148730712890625,48.884546590940204,0.0044068359375,44.1408470944816,0.0,0.0,0.0,,,,,1.0,0.0,0.0
2025-01-16 21:48:36.178400,4948.999,4.0,65.00431640625001,-266.38974609375003,37.792104492187484,39.00398437499999,60.410375976562506,0.148730712890625,48.884546590940204,0.0044068359375,44.1408470944816,0.0,0.0,0.0,,,,,1.0,0.0,0.0
2025-01-16 21:48:37.178400,4949.999,5.0,65.00431640625001,-266.38974609375003,37.792104492187484,39.00398437499999,60.410375976562506,0.148730712890625,48.884546590940204,0.0044068359375,44.1408470944816,0.0,0.0,0.0,,,,,1.0,0.0,0.0
2025-01-16 21:48:38.178400,4950.999,6.0,65.00431640625001,-266.38974609375003,37.792104492187484,39.00398437499999,60.410375976562506,0.148730712890625,48.884546590940204,0.0044068359375,44.1408470944816,0.0,0.0,0.0,,,,,1.0,0.0,0.0
2025-01-16 21:48:39.178400,4951.999,7.0,65.00431640625001,-266.38974609375003,37.792104492187484,39.00398437499999,60.410375976562506,0.148730712890625,48.884546590940204,0.0044068359375,44.1408470944816,0.0,0.0,0.0,,,,,1.0,0.0,0.0
2025-01-16 21:48:40.178425,4952.999,8.0,65.00431640625001,-266.38974609375003,37.792104492187484,39.00398437499999,60.410375976562506,0.148730712890625,48.884546590940204,0.0044068359375,41.07030923390468,0.0,0.0,0.0,,,,,1.0,0.0,0.0
2025-01-16 21:48:41.178450,4953.999,9.0,65.00431640625001,-266.38974609375003,37.792104492187484,39.00398437499999,60.410375976562506,0.148730712890625,48.884546590940204,0.0044068359375,41.07030923390468,0.0,0.0,0.0,,,,,1.0,0.0,0.0
2025-01-16 21:48:42.178375,4954.999,10.0,65.00431640625001,-266.38974609375003,37.792104492187484,39.00398437499999,60.410375976562506,0.148730712890625,48.884546590940204,0.0044068359375,41.07030923390468,0.0,0.0,0.0,,,,,1.0,0.0,0.0
2025-01-16 21:48:43.178375,4955.999,11.0,65.00431640625001,-266.38974609375003,37.792104492187484,39.00398437499999,60.410375976562506,0.148730712890625,48.884546590940204,0.0044068359375,41.07030923390468,0.0,0.0,0.0,,,,,1.0,0.0,0.0
2025-01-16 21:48:44.178400,4956.999,0.0,65.00431640625001,-266.38974609375003,37.792104492187484,39.00398437499999,60.410375976562506,0.148730712890625,48.884546590940204,0.0044068359375,41.07030923390468,0.0,0.0,0.0,,,,,1.0,0.0,0.0
2025-01-16 21:48:45.178400,4957.999,1.0,65.00431640625001,-266.38974609375003,37.792104492187484,39.00398437499999,60.410375976562506,0.148730712890625,48.884546590940204,0.0044068359375,41.07030923390468,0.0,0.0,0.0,,,,,1.0,0.0,0.0
2025-01-16 21:48:46.178400,4958.999,2.0,65.00431640625001,-266.38974609375003,37.792104492187484,39.00398437499999,60.410375976562506,0.148730712890625,48.884546590940204,0.0044068359375,41.07030923390468,0.0,0.0,0.0,,,,,1.0,0.0,0.0
2025-01-16 21:48:47.178375,4959.999,3.0,65.00431640625001,-266.38974609375003,37.792104492187484,39.00398437499999,60.410375976562506,0.148730712890625,48.884546590940204,0.0044068359375,41.07030923390468,0.0,0.0,0.0,,,,,1.0,0.0,0.0
2025-01-16 21:48:48.178950,4960.999,4.0,65.00431640625001,-266.38974609375003,37.792104492187484,39.00398437499999,60.410375976562506,0.148730712890625,48.884546590940204,0.0044068359375,41.07030923390468,0.0,0.0,0.0,,,,,1.0,0.0,0.0
2025-01-16 21:48:49.178425,4961.999,5.0,65.00431640625001,-266.38974609375003,37.792104492187484,39.00398437499999,60.410375976562506,0.14762900390625,48.884546590940204,0.0044068359375,41.07030923390468,0.0,0.0,0.0,,,,,1.0,0.0,0.0
2025-01-16 21:48:50.178525,4962.999,6.0,65.00431640625001,-266.38974609375003,37.792104492187484,39.00398437499999,60.410375976562506,0.14762900390625,48.884546590940204,0.0044068359375,41.07030923390468,0.0,0.0,0.0,,,,,1.0,0.0,0.0
2025-01-16 21:48:51.178450,4963.999,7.0,65.00431640625001,-266.38974609375003,37.792104492187484,39.00398437499999,60.410375976562506,0.14762900390625,48.884546590940204,0.0044068359375,41.07030923390468,0.0,0.0,0.0,,,,,1.0,0.0,0.0
2025-01-16 21:48:52.178400,4964.999,8.0,65.00431640625001,-266.38974609375003,37.792104492187484,39.00398437499999,60.410375976562506,0.14762900390625,48.884546590940204,0.0044068359375,45.67611602477006,0.0,0.0,0.0,,,,,1.0,0.0,0.0
2025-01-16 21:48:53.178400,4965.999,9.0,65.00431640625001,-266.38974609375003,37.792104492187484,39.00398437499999,60.410375976562506,0.14762900390625,48.884546590940204,0.0044068359375,45.67611602477006,0.0,0.0,0.0,,,,,1.0,0.0,0.0
2025-01-16 21:48:54.178400,4966.999,10.0,65.00431640625001,-266.38974609375003,37.792104492187484,39.00398437499999,60.410375976562506,0.14762900390625,48.884546590940204,0.0044068359375,45.67611602477006,0.0,0.0,0.0,,,,,1.0,0.0,0.0
2025-01-16 21:48:55.178450,4967.999,11.0,65.00431640625001,-266.38974609375003,37.792104492187484,39.00398437499999,60.410375976562506,0.14762900390625,48.884546590940204,0.0044068359375,45.67611602477006,0.0,0.0,0.0,,,,,1.0,0.0,0.0
2025-01-16 21:48:56.178450,4968.999,0.0,65.00431640625001,-266.38974609375003,37.792104492187484,39.00398437499999,60.410375976562506,0.14762900390625,48.884546590940204,0.0044068359375,45.67611602477006,0.0,0.0,0.0,,,,,1.0,0.0,0.0
2025-01-16 21:48:57.178425,4969.999,1.0,65.00431640625001,-266.38974609375003,37.792104492187484,39.00398437499999,60.410375976562506,0.14762900390625,48.884546590940204,0.0044068359375,45.67611602477006,0.0,0.0,0.0,,,,,1.0,0.0,0.0
2025-01-16 21:48:58.178450,4970.999,2.0,65.00431640625001,-266.38974609375003,37.792104492187484,39.00398437499999,60.410375976562506,0.14762900390625,48.884546590940204,0.0044068359375,45.67611602477006,0.0,0.0,0.0,,,,,1.0,0.0,0.0
2025-01-16 21:48:59.178500,4971.999,3.0,65.00431640625001,-266.38974609375003,37.792104492187484,39.00398437499999,60.410375976562506,0.14762900390625,48.884546590940204,0.0044068359375,45.67611602477006,0.0,0.0,0.0,,,,,1.0,0.0,0.0
2025-01-16 21:49:00.178475,4972.999,4.0,65.00431640625001,-266.38974609375003,37.792104492187484,39.00398437499999,60.226757812500004,0.14762900390625,48.884546590940204,0.0044068359375,45.67611602477006,0.0,0.0,0.0,,,,,1.0,0.0,0.0
2025-01-16 21:49:01.178425,4973.999,5.0,65.00431640625001,-266.38974609375003,37.792104492187484,39.00398437499999,60.226757812500004,0.148730712890625,48.884546590940204,0.0044068359375,45.67611602477006,0.0,0.0,0.0,,,,,1.0,0.0,0.0
2025-01-16 21:49:02.178450,4974.999,6.0,65.00431640625001,-266.38974609375003,37.792104492187484,39.00398437499999,60.226757812500004,0.148730712890625,48.884546590940204,0.0044068359375,45.67611602477006,0.0,0.0,0.0,,,,,1.0,0.0,0.0
2025-01-16 21:49:03.178450,4975.999,7.0,65.00431640625001,-266.38974609375003,37.792104492187484,39.00398437499999,60.226757812500004,0.148730712890625,48.884546590940204,0.0044068359375,45.67611602477006,0.0,0.0,0.0,,,,,1.0,0.0,0.0
2025-01-16 21:49:04.178425,4976.999,8.0,65.00431640625001,-266.38974609375003,37.792104492187484,39.00398437499999,60.226757812500004,0.148730712890625,48.884546590940204,0.0044068359375,44.693543909385454,0.0,0.0,0.0,,,,,1.0,0.0,0.0
2025-01-16 21:49:05.178450,4977.999,9.0,65.00431640625001,-266.38974609375003,37.792104492187484,39.00398437499999,60.226757812500004,0.148730712890625,48.884546590940204,0.0044068359375,44.693543909385454,0.0,0.0,0.0,,,,,1.0,0.0,0.0
2025-01-16 21:49:06.178450,4978.999,10.0,65.00431640625001,-266.38974609375003,37.792104492187484,39.00398437499999,60.226757812500004,0.148730712890625,48.884546590940204,0.0044068359375,44.693543909385454,0.0,0.0,0.0,,,,,1.0,0.0,0.0
2025-01-16 21:49:07.178400,4979.999,11.0,65.00431640625001,-266.38974609375003,37.792104492187484,39.00398437499999,60.226757812500004,0.148730712890625,48.884546590940204,0.0044068359375,44.693543909385454,0.0,0.0,0.0,,,,,1.0,0.0,0.0
2025-01-16 21:49:08.178425,4980.999,0.0,65.00431640625001,-266.38974609375003,37.792104492187484,39.00398437499999,60.226757812500004,0.148730712890625,48.884546590940204,0.0044068359375,44.693543909385454,0.0,0.0,0.0,,,,,1.0,0.0,0.0
2025-01-16 21:49:09.178425,4981.999,1.0,65.00431640625001,-266.38974609375003,37.792104492187484,39.00398437499999,60.226757812500004,0.148730712890625,48.884546590940204,0.0044068359375,44.693543909385454,0.0,0.0,0.0,,,,,1.0,0.0,0.0
2025-01-16 21:49:10.178500,4982.999,2.0,65.00431640625001,-266.38974609375003,37.792104492187484,39.00398437499999,60.226757812500004,0.148730712890625,48.884546590940204,0.0044068359375,44.693543909385454,0.0,0.0,0.0,,,,,1.0,0.0,0.0
2025-01-16 21:49:11.178450,4983.999,3.0,65.00431640625001,-266.38974609375003,37.792104492187484,39.00398437499999,60.226757812500004,0.148730712890625,48.884546590940204,0.0044068359375,44.693543909385454,0.0,0.0,0.0,,,,,1.0,0.0,0.0
2025-01-16 21:49:12.178450,4984.999,4.0,65.00431640625001,-266.38974609375003,37.792104492187484,39.00398437499999,59.98193359375,0.148730712890625,48.884546590940204,0.0044068359375,44.693543909385454,0.0,0.0,0.0,,,,,1.0,0.0,0.0
2025-01-16 21:49:13.178500,4985.999,5.0,65.00431640625001,-266.38974609375003,37.792104492187484,39.00398437499999,59.98193359375,0.14762900390625,48.884546590940204,0.0044068359375,44.693543909385454,0.0,0.0,0.0,,,,,1.0,0.0,0.0
2025-01-16 21:49:14.178400,4986.999,6.0,65.00431640625001,-266.38974609375003,37.792104492187484,39.00398437499999,59.98193359375,0.14762900390625,48.76389069515934,0.0044068359375,44.693543909385454,0.0,0.0,0.0,,,,,1.0,0.0,0.0
2025-01-16 21:49:15.178425,4987.999,7.0,65.00431640625001,-266.38974609375003,37.792104492187484,39.00398437499999,59.98193359375,0.14762900390625,48.76389069515934,0.0044068359375,44.693543909385454,0.0,0.0,0.0,,,,,1.0,0.0,0.0
2025-01-16 21:49:16.178425,4988.999,8.0,65.00431640625001,-266.38974609375003,37.792104492187484,39.00398437499999,59.98193359375,0.14762900390625,48.76389069515934,0.0044068359375,44.570722394962374,0.0,0.0,0.0,,,,,1.0,0.0,0.0
2025-01-16 21:49:17.178450,4989.999,9.0,65.00431640625001,-266.38974609375003,37.792104492187484,39.00398437499999,59.98193359375,0.14762900390625,48.76389069515934,0.0044068359375,44.570722394962374,0.0,0.0,0.0,,,,,1.0,0.0,0.0
2025-01-16 21:49:18.178450,4990.999,10.0,65.00431640625001,-266.38974609375003,37.792104492187484,39.00398437499999,59.98193359375,0.14762900390625,48.76389069515934,0.0044068359375,44.570722394962374,0.0,0.0,0.0,,,,,1.0,0.0,0.0
2025-01-16 21:49:19.178475,4991.999,11.0,65.00431640625001,-266.38974609375003,37.792104492187484,39.00398437499999,59.98193359375,0.14762900390625,48.76389069515934,0.0044068359375,44.570722394962374,0.0,0.0,0.0,,,,,1.0,0.0,0.0
2025-01-16 21:49:20.178500,4992.999,0.0,65.00431640625001,-266.38974609375003,37.792104492187484,39.00398437499999,59.98193359375,0.14762900390625,48.76389069515934,0.0044068359375,44.570722394962374,0.0,0.0,0.0,,,,,1.0,0.0,0.0
2025-01-16 21:49:21.178425,4993.999,1.0,65.00431640625001,-266.38974609375003,37.792104492187484,39.00398437499999,59.98193359375,0.14762900390625,48.76389069515934,0.0044068359375,44.570722394962374,0.0,0.0,0.0,,,,,1.0,0.0,0.0
2025-01-16 21:49:22.178450,4994.999,2.0,65.00431640625001,-266.38974609375003,37.792104492187484,39.00398437499999,59.98193359375,0.14762900390625,48.76389069515934,0.0044068359375,44.570722394962374,0.0,0.0,0.0,,,,,1.0,0.0,0.0
2025-01-16 21:49:23.178450,4995.999,3.0,65.00431640625001,-266.38974609375003,37.792104492187484,39.00398437499999,59.98193359375,0.14762900390625,48.76389069515934,0.0044068359375,44.570722394962374,0.0,0.0,0.0,,,,,1.0,0.0,0.0
2025-01-16 21:49:24.178475,4996.999,4.0,65.00431640625001,-266.38974609375003,37.792104492187484,39.00398437499999,59.859521484374994,0.14762900390625,48.76389069515934,0.0044068359375,44.570722394962374,0.0,0.0,0.0,,,,,1.0,0.0,0.0
2025-01-16 21:49:25.178425,4997.999,5.0,65.00431640625001,-266.38974609375003,37.792104492187484,39.00398437499999,59.859521484374994,0.148730712890625,48.76389069515934,0.0044068359375,44.570722394962374,0.0,0.0,0.0,,,,,1.0,0.0,0.0
2025-01-16 21:49:26.178425,4998.999,6.0,65.00431640625001,-266.38974609375003,37.792104492187484,39.00398437499999,59.859521484374994,0.148730712890625,48.884546590940204,0.0044068359375,44.570722394962374,0.0,0.0,0.0,,,,,1.0,0.0,0.0
2025-01-16 21:49:27.178450,4999.999,7.0,65.00431640625001,-266.38974609375003,37.792104492187484,39.00398437499999,59.859521484374994,0.148730712890625,48.884546590940204,0.0044068359375,44.570722394962374,0.0,0.0,0.0,,,,,1.0,0.0,0.0
2025-01-16 21:49:28.178400,5000.999,8.0,65.00431640625001,-266.38974609375003,37.792104492187484,39.00398437499999,59.859521484374994,0.148730712890625,48.884546590940204,0.0044068359375,45.00059769544314,0.0,0.0,0.0,,,,,1.0,0.0,0.0
2025-01-16 21:49:29.178425,5001.999,9.0,65.00431640625001,-266.38974609375003,37.792104492187484,39.00398437499999,59.859521484374994,0.148730712890625,48.884546590940204,0.0044068359375,45.00059769544314,0.0,0.0,0.0,,,,,1.0,0.0,0.0
2025-01-16 21:49:30.178425,5002.999,10.0,65.00431640625001,-266.38974609375003,37.792104492187484,39.00398437499999,59.859521484374994,0.148730712890625,48.884546590940204,0.0044068359375,45.00059769544314,0.0,0.0,0.0,,,,,1.0,0.0,0.0
2025-01-16 21:49:31.178425,5003.999,11.0,65.00431640625001,-266.38974609375003,37.792104492187484,39.00398437499999,59.859521484374994,0.148730712890625,48.884546590940204,0.0044068359375,45.00059769544314,0.0,0.0,0.0,,,,,1.0,0.0,0.0
2025-01-16 21:49:32.178400,5004.999,0.0,65.00431640625001,-266.38974609375003,37.792104492187484,39.00398437499999,59.859521484374994,0.148730712890625,48.884546590940204,0.0044068359375,45.00059769544314,0.0,0.0,0.0,,,,,1.0,0.0,0.0
2025-01-16 21:49:33.178400,5005.999,1.0,65.00431640625001,-266.38974609375003,37.792104492187484,39.00398437499999,59.859521484374994,0.148730712890625,48.884546590940204,0.0044068359375,45.00059769544314,0.0,0.0,0.0,,,,,1.0,0.0,0.0
2025-01-16 21:49:34.178400,5006.999,2.0,65.00431640625001,-266.38974609375003,37.792104492187484,39.00398437499999,59.859521484374994,0.148730712890625,48.884546590940204,0.0044068359375,45.00059769544314,0.0,0.0,0.0,,,,,1.0,0.0,0.0
2025-01-16 21:49:35.178400,5007.999,3.0,65.00431640625001,-266.38974609375003,37.792104492187484,39.00398437499999,59.859521484374994,0.148730712890625,48.884546590940204,0.0044068359375,45.00059769544314,0.0,0.0,0.0,,,,,1.0,0.0,0.0
2025-01-16 21:49:36.178425,5008.999,4.0,65.00431640625001,-266.38974609375003,37.792104492187484,39.00398437499999,59.98193359375,0.148730712890625,48.884546590940204,0.0044068359375,45.00059769544314,0.0,0.0,0.0,,,,,1.0,0.0,0.0
2025-01-16 21:49:37.178625,5009.999,5.0,65.00431640625001,-266.38974609375003,37.792104492187484,39.00398437499999,59.98193359375,0.149832421875,48.884546590940204,0.0044068359375,45.00059769544314,0.0,0.0,0.0,,,,,1.0,0.0,0.0
2025-01-16 21:49:38.178600,5010.999,6.0,65.00431640625001,-266.38974609375003,37.792104492187484,39.00398437499999,59.98193359375,0.149832421875,48.884546590940204,0.0044068359375,45.00059769544314,0.0,0.0,0.0,,,,,1.0,0.0,0.0
2025-01-16 21:49:39.178475,5011.999,7.0,65.00431640625001,-266.38974609375003,37.792104492187484,39.00398437499999,59.98193359375,0.149832421875,48.884546590940204,0.0044068359375,45.00059769544314,0.0,0.0,0.0,,,,,1.0,0.0,0.0
2025-01-16 21:49:40.178450,5012.999,8.0,65.00431640625001,-266.38974609375003,37.792104492187484,39.00398437499999,59.98193359375,0.149832421875,48.884546590940204,0.0044068359375,46.29022359688545,0.0,0.0,0.0,,,,,1.0,0.0,0.0
2025-01-16 21:49:41.178450,5013.999,9.0,65.00431640625001,-266.38974609375003,37.792104492187484,39.00398437499999,59.98193359375,0.149832421875,48.884546590940204,0.0044068359375,46.29022359688545,0.0,0.0,0.0,,,,,1.0,0.0,0.0
2025-01-16 21:49:42.178450,5014.999,10.0,65.00431640625001,-266.38974609375003,37.792104492187484,39.00398437499999,59.98193359375,0.149832421875,48.884546590940204,0.0044068359375,46.29022359688545,0.0,0.0,0.0,,,,,1.0,0.0,0.0
2025-01-16 21:49:43.178450,5015.999,11.0,65.00431640625001,-266.38974609375003,37.792104492187484,39.00398437499999,59.98193359375,0.149832421875,48.884546590940204,0.0044068359375,46.29022359688545,0.0,0.0,0.0,,,,,1.0,0.0,0.0
2025-01-16 21:49:44.178425,5016.999,0.0,65.00431640625001,-266.38974609375003,37.792104492187484,39.00398437499999,59.98193359375,0.149832421875,48.884546590940204,0.0044068359375,46.29022359688545,0.0,0.0,0.0,,,,,1.0,0.0,0.0
2025-01-16 21:49:45.178450,5017.999,1.0,65.00431640625001,-266.38974609375003,37.792104492187484,39.00398437499999,59.98193359375,0.149832421875,48.884546590940204,0.0044068359375,46.29022359688545,0.0,0.0,0.0,,,,,1.0,0.0,0.0
2025-01-16 21:49:46.178450,5018.999,2.0,65.00431640625001,-266.38974609375003,37.792104492187484,39.00398437499999,59.98193359375,0.149832421875,48.884546590940204,0.0044068359375,46.29022359688545,0.0,0.0,0.0,,,,,1.0,0.0,0.0
2025-01-16 21:49:47.178450,5019.999,3.0,65.00431640625001,-266.38974609375003,37.792104492187484,39.00398437499999,59.98193359375,0.149832421875,48.884546590940204,0.0044068359375,46.29022359688545,0.0,0.0,0.0,,,,,1.0,0.0,0.0
2025-01-16 21:49:48.178425,5020.999,4.0,65.00431640625001,-266.38974609375003,37.792104492187484,39.00398437499999,60.471582031249994,0.149832421875,48.884546590940204,0.0044068359375,46.29022359688545,0.0,0.0,0.0,,,,,1.0,0.0,0.0
2025-01-16 21:49:49.178400,5021.999,5.0,65.00431640625001,-266.38974609375003,37.792104492187484,39.00398437499999,60.471582031249994,0.148730712890625,48.884546590940204,0.0044068359375,46.29022359688545,0.0,0.0,0.0,,,,,1.0,0.0,0.0
2025-01-16 21:49:50.178425,5022.999,6.0,65.00431640625001,-266.38974609375003,37.792104492187484,39.00398437499999,60.471582031249994,0.148730712890625,48.884546590940204,0.0044068359375,46.29022359688545,0.0,0.0,0.0,,,,,1.0,0.0,0.0
2025-01-16 21:49:51.178425,5023.999,7.0,65.00431640625001,-266.38974609375003,37.792104492187484,39.00398437499999,60.471582031249994,0.148730712890625,48.884546590940204,0.0044068359375,46.29022359688545,0.0,0.0,0.0,,,,,1.0,0.0,0.0
2025-01-16 21:49:52.178425,5024.999,8.0,65.00431640625001,-266.38974609375003,37.792104492187484,39.00398437499999,60.471582031249994,0.148730712890625,48.884546590940204,0.0044068359375,43.3425072507316,0.0,0.0,0.0,,,,,1.0,0.0,0.0
2025-01-16 21:49:53.178450,5025.999,9.0,65.00431640625001,-266.38974609375003,37.792104492187484,39.00398437499999,60.471582031249994,0.148730712890625,48.884546590940204,0.0044068359375,43.3425072507316,0.0,0.0,0.0,,,,,1.0,0.0,0.0
2025-01-16 21:49:54.178475,5026.999,10.0,65.00431640625001,-266.38974609375003,37.792104492187484,39.00398437499999,60.471582031249994,0.148730712890625,48.884546590940204,0.0044068359375,43.3425072507316,0.0,0.0,0.0,,,,,1.0,0.0,0.0
2025-01-16 21:49:55.178450,5027.999,11.0,65.00431640625001,-266.38974609375003,37.792104492187484,39.00398437499999,60.471582031249994,0.148730712890625,48.884546590940204,0.0044068359375,43.3425072507316,0.0,0.0,0.0,,,,,1.0,0.0,0.0
2025-01-16 21:49:56.178475,5028.999,0.0,65.00431640625001,-266.38974609375003,37.792104492187484,39.00398437499999,60.471582031249994,0.148730712890625,48.884546590940204,0.0044068359375,43.3425072507316,0.0,0.0,0.0,,,,,1.0,0.0,0.0
2025-01-16 21:49:57.178475,5029.999,1.0,65.00431640625001,-266.38974609375003,37.792104492187484,39.00398437499999,60.471582031249994,0.148730712890625,48.884546590940204,0.0044068359375,43.3425072507316,0.0,0.0,0.0,,,,,1.0,0.0,0.0
2025-01-16 21:49:58.178475,5030.999,2.0,65.00431640625001,-266.38974609375003,37.792104492187484,39.00398437499999,60.471582031249994,0.148730712890625,48.884546590940204,0.0044068359375,43.3425072507316,0.0,0.0,0.0,,,,,1.0,0.0,0.0
2025-01-16 21:49:59.178450,5031.999,3.0,65.00431640625001,-266.38974609375003,37.792104492187484,39.00398437499999,60.471582031249994,0.148730712890625,48.884546590940204,0.0044068359375,43.3425072507316,0.0,0.0,0.0,,,,,1.0,0.0,0.0
2025-01-16 21:50:00.178450,5032.999,4.0,65.00431640625001,-266.38974609375003,37.792104492187484,39.00398437499999,60.838818359375004,0.148730712890625,48.884546590940204,0.0044068359375,43.3425072507316,0.0,0.0,0.0,,,,,1.0,0.0,0.0
2025-01-16 21:50:01.178425,5033.999,5.0,65.00431640625001,-266.38974609375003,37.792104492187484,39.00398437499999,60.838818359375004,0.148730712890625,48.884546590940204,0.0044068359375,43.3425072507316,0.0,0.0,0.0,,,,,1.0,0.0,0.0
2025-01-16 21:50:02.178450,5034.999,6.0,65.00431640625001,-266.38974609375003,37.792104492187484,39.00398437499999,60.838818359375004,0.148730712890625,49.00520248672105,0.0044068359375,43.3425072507316,0.0,0.0,0.0,,,,,1.0,0.0,0.0
2025-01-16 21:50:03.178425,5035.999,7.0,65.00431640625001,-266.38974609375003,37.792104492187484,39.00398437499999,60.838818359375004,0.148730712890625,49.00520248672105,0.0044068359375,43.3425072507316,0.0,0.0,0.0,,,,,1.0,0.0,0.0
2025-01-16 21:50:04.178425,5036.999,8.0,65.00431640625001,-266.38974609375003,37.792104492187484,39.00398437499999,60.838818359375004,0.148730712890625,49.00520248672105,0.0044068359375,51.69437023150083,0.0,0.0,0.0,,,,,1.0,0.0,0.0
2025-01-16 21:50:05.178425,5037.999,9.0,65.00431640625001,-266.38974609375003,37.792104492187484,39.00398437499999,60.838818359375004,0.148730712890625,49.00520248672105,0.0044068359375,51.69437023150083,0.0,0.0,0.0,,,,,1.0,0.0,0.0
2025-01-16 21:50:06.178425,5038.999,10.0,65.00431640625001,-266.38974609375003,37.792104492187484,39.00398437499999,60.838818359375004,0.148730712890625,49.00520248672105,0.0044068359375,51.69437023150083,0.0,0.0,0.0,,,,,1.0,0.0,0.0
2025-01-16 21:50:07.178450,5039.999,11.0,65.00431640625001,-266.38974609375003,37.792104492187484,39.00398437499999,60.838818359375004,0.148730712890625,49.00520248672105,0.0044068359375,51.69437023150083,0.0,0.0,0.0,,,,,1.0,0.0,0.0
2025-01-16 21:50:08.178450,5040.999,0.0,65.00431640625001,-266.38974609375003,37.792104492187484,39.00398437499999,60.838818359375004,0.148730712890625,49.00520248672105,0.0044068359375,51.69437023150083,0.0,0.0,0.0,,,,,1.0,0.0,0.0
2025-01-16 21:50:09.178475,5041.999,1.0,65.00431640625001,-266.38974609375003,37.792104492187484,39.00398437499999,60.838818359375004,0.148730712890625,49.00520248672105,0.0044068359375,51.69437023150083,0.0,0.0,0.0,,,,,1.0,0.0,0.0
2025-01-16 21:50:10.178475,5042.999,2.0,65.00431640625001,-266.38974609375003,37.792104492187484,39.00398437499999,60.838818359375004,0.148730712890625,49.00520248672105,0.0044068359375,51.69437023150083,0.0,0.0,0.0,,,,,1.0,0.0,0.0
2025-01-16 21:50:11.178475,5043.999,3.0,65.00431640625001,-266.38974609375003,37.792104492187484,39.00398437499999,60.838818359375004,0.148730712890625,49.00520248672105,0.0044068359375,51.69437023150083,0.0,0.0,0.0,,,,,1.0,0.0,0.0
2025-01-16 21:50:12.178475,5044.999,4.0,65.00431640625001,-266.38974609375003,37.792104492187484,39.00398437499999,60.532788085937504,0.148730712890625,49.00520248672105,0.0044068359375,51.69437023150083,0.0,0.0,0.0,,,,,1.0,0.0,0.0
2025-01-16 21:50:13.178450,5045.999,5.0,65.00431640625001,-266.38974609375003,37.792104492187484,39.00398437499999,60.532788085937504,0.148730712890625,49.00520248672105,0.0044068359375,51.69437023150083,0.0,0.0,0.0,,,,,1.0,0.0,0.0
2025-01-16 21:50:14.178450,5046.999,6.0,65.00431640625001,-266.38974609375003,37.792104492187484,39.00398437499999,60.532788085937504,0.148730712890625,48.884546590940204,0.0044068359375,51.69437023150083,0.0,0.0,0.0,,,,,1.0,0.0,0.0
2025-01-16 21:50:15.178450,5047.999,7.0,65.00431640625001,-266.38974609375003,37.792104492187484,39.00398437499999,60.532788085937504,0.148730712890625,48.884546590940204,0.0044068359375,51.69437023150083,0.0,0.0,0.0,,,,,1.0,0.0,0.0
2025-01-16 21:50:16.178425,5048.999,8.0,65.00431640625001,-266.38974609375003,37.792104492187484,39.00398437499999,60.532788085937504,0.148730712890625,48.884546590940204,0.0044068359375,47.3342064694816,0.0,0.0,0.0,,,,,1.0,0.0,0.0
2025-01-16 21:50:17.178425,5049.999,9.0,65.00431640625001,-266.38974609375003,37.792104492187484,39.00398437499999,60.532788085937504,0.148730712890625,48.884546590940204,0.0044068359375,47.3342064694816,0.0,0.0,0.0,,,,,1.0,0.0,0.0
2025-01-16 21:50:18.178425,5050.999,10.0,65.00431640625001,-266.38974609375003,37.792104492187484,39.00398437499999,60.532788085937504,0.148730712890625,48.884546590940204,0.0044068359375,47.3342064694816,0.0,0.0,0.0,,,,,1.0,0.0,0.0
2025-01-16 21:50:19.178425,5051.999,11.0,65.00431640625001,-266.38974609375003,37.792104492187484,39.00398437499999,60.532788085937504,0.148730712890625,48.884546590940204,0.0044068359375,47.3342064694816,0.0,0.0,0.0,,,,,1.0,0.0,0.0
2025-01-16 21:50:20.178425,5052.999,0.0,65.00431640625001,-266.38974609375003,37.792104492187484,39.00398437499999,60.532788085937504,0.148730712890625,48.884546590940204,0.0044068359375,47.3342064694816,0.0,0.0,0.0,,,,,1.0,0.0,0.0
2025-01-16 21:50:21.178425,5053.999,1.0,65.00431640625001,-266.38974609375003,37.792104492187484,39.00398437499999,60.532788085937504,0.148730712890625,48.884546590940204,0.0044068359375,47.3342064694816,0.0,0.0,0.0,,,,,1.0,0.0,0.0
2025-01-16 21:50:22.178425,5054.999,2.0,65.00431640625001,-266.38974609375003,37.792104492187484,39.00398437499999,60.532788085937504,0.148730712890625,48.884546590940204,0.0044068359375,47.3342064694816,0.0,0.0,0.0,,,,,1.0,0.0,0.0
2025-01-16 21:50:23.178475,5055.999,3.0,65.00431640625001,-266.38974609375003,37.792104492187484,38.893813476562485,60.532788085937504,0.148730712890625,48.884546590940204,0.0044068359375,47.3342064694816,0.0,0.0,0.0,,,,,1.0,0.0,0.0
2025-01-16 21:50:24.178975,5056.999,4.0,65.00431640625001,-266.38974609375003,37.792104492187484,38.893813476562485,60.532788085937504,0.148730712890625,48.884546590940204,0.0044068359375,47.3342064694816,0.0,0.0,0.0,,,,,1.0,0.0,0.0
2025-01-16 21:50:25.178450,5057.999,5.0,65.00431640625001,-266.38974609375003,37.792104492187484,38.893813476562485,60.532788085937504,0.148730712890625,48.884546590940204,0.0044068359375,47.3342064694816,0.0,0.0,0.0,,,,,1.0,0.0,0.0
2025-01-16 21:50:26.178475,5058.999,6.0,65.00431640625001,-266.38974609375003,37.792104492187484,38.893813476562485,60.532788085937504,0.148730712890625,48.884546590940204,0.0044068359375,47.3342064694816,0.0,0.0,0.0,,,,,1.0,0.0,0.0
2025-01-16 21:50:27.178425,5059.999,7.0,65.00431640625001,-266.38974609375003,37.792104492187484,38.893813476562485,60.532788085937504,0.148730712890625,48.884546590940204,0.0044068359375,47.3342064694816,0.0,0.0,0.0,,,,,1.0,0.0,0.0
2025-01-16 21:50:28.178475,5060.999,8.0,65.00431640625001,-266.38974609375003,37.792104492187484,38.893813476562485,60.532788085937504,0.148730712890625,48.884546590940204,0.0044068359375,40.08773711852006,0.0,0.0,0.0,,,,,1.0,0.0,0.0
2025-01-16 21:50:29.178425,5061.999,9.0,65.00431640625001,-266.38974609375003,37.792104492187484,38.893813476562485,60.532788085937504,0.148730712890625,48.884546590940204,0.0044068359375,40.08773711852006,0.0,0.0,0.0,,,,,1.0,0.0,0.0
2025-01-16 21:50:30.178425,5062.999,10.0,65.00431640625001,-266.38974609375003,37.792104492187484,38.893813476562485,60.532788085937504,0.148730712890625,48.884546590940204,0.0044068359375,40.08773711852006,0.0,0.0,0.0,,,,,1.0,0.0,0.0
2025-01-16 21:50:31.178475,5063.999,11.0,65.00431640625001,-266.38974609375003,37.792104492187484,38.893813476562485,60.532788085937504,0.148730712890625,48.884546590940204,0.0044068359375,40.08773711852006,0.0,0.0,0.0,,,,,1.0,0.0,0.0
2025-01-16 21:50:32.178475,5064.999,0.0,65.00431640625001,-266.38974609375003,37.792104492187484,38.893813476562485,60.532788085937504,0.148730712890625,48.884546590940204,0.0044068359375,40.08773711852006,0.0,0.0,0.0,,,,,1.0,0.0,0.0
2025-01-16 21:50:33.178475,5065.999,1.0,65.00431640625001,-266.38974609375003,37.792104492187484,38.893813476562485,60.532788085937504,0.148730712890625,48.884546590940204,0.0044068359375,40.08773711852006,0.0,0.0,0.0,,,,,1.0,0.0,0.0
2025-01-16 21:50:34.178450,5066.999,2.0,65.00431640625001,-266.38974609375003,37.792104492187484,38.893813476562485,60.532788085937504,0.148730712890625,48.884546590940204,0.0044068359375,40.08773711852006,0.0,0.0,0.0,,,,,1.0,0.0,0.0
2025-01-16 21:50:35.178475,5067.999,3.0,65.00431640625001,-266.38974609375003,37.792104492187484,39.00398437499999,60.532788085937504,0.148730712890625,48.884546590940204,0.0044068359375,40.08773711852006,0.0,0.0,0.0,,,,,1.0,0.0,0.0
2025-01-16 21:50:36.178425,5068.999,4.0,65.00431640625001,-266.38974609375003,37.792104492187484,39.00398437499999,60.471582031249994,0.148730712890625,48.884546590940204,0.0044068359375,40.08773711852006,0.0,0.0,0.0,,,,,1.0,0.0,0.0
2025-01-16 21:50:37.178475,5069.999,5.0,65.00431640625001,-266.38974609375003,37.792104492187484,39.00398437499999,60.471582031249994,0.14762900390625,48.884546590940204,0.0044068359375,40.08773711852006,0.0,0.0,0.0,,,,,1.0,0.0,0.0
2025-01-16 21:50:38.178450,5070.999,6.0,65.00431640625001,-266.38974609375003,37.792104492187484,39.00398437499999,60.471582031249994,0.14762900390625,48.884546590940204,0.0044068359375,40.08773711852006,0.0,0.0,0.0,,,,,1.0,0.0,0.0
2025-01-16 21:50:39.178450,5071.999,7.0,65.00431640625001,-266.38974609375003,37.792104492187484,39.00398437499999,60.471582031249994,0.14762900390625,48.884546590940204,0.0044068359375,40.08773711852006,0.0,0.0,0.0,,,,,1.0,0.0,0.0
2025-01-16 21:50:40.178475,5072.999,8.0,65.00431640625001,-266.38974609375003,37.792104492187484,39.00398437499999,60.471582031249994,0.14762900390625,48.884546590940204,0.0044068359375,47.39561722669314,0.0,0.0,0.0,,,,,1.0,0.0,0.0
2025-01-16 21:50:41.178475,5073.999,9.0,65.00431640625001,-266.38974609375003,37.792104492187484,39.00398437499999,60.471582031249994,0.14762900390625,48.884546590940204,0.0044068359375,47.39561722669314,0.0,0.0,0.0,,,,,1.0,0.0,0.0
2025-01-16 21:50:42.178500,5074.999,10.0,65.00431640625001,-266.38974609375003,37.792104492187484,39.00398437499999,60.471582031249994,0.14762900390625,48.884546590940204,0.0044068359375,47.39561722669314,0.0,0.0,0.0,,,,,1.0,0.0,0.0
2025-01-16 21:50:43.178475,5075.999,11.0,65.00431640625001,-266.38974609375003,37.792104492187484,39.00398437499999,60.471582031249994,0.14762900390625,48.884546590940204,0.0044068359375,47.39561722669314,0.0,0.0,0.0,,,,,1.0,0.0,0.0
2025-01-16 21:50:44.178425,5076.999,0.0,64.89414550781251,-266.38974609375003,37.792104492187484,39.00398437499999,60.471582031249994,0.14762900390625,48.884546590940204,0.0044068359375,47.39561722669314,0.0,0.0,0.0,,,,,1.0,0.0,0.0
2025-01-16 21:50:45.178475,5077.999,1.0,64.89414550781251,-266.38974609375003,37.792104492187484,39.00398437499999,60.471582031249994,0.14762900390625,48.884546590940204,0.0044068359375,47.39561722669314,0.0,0.0,0.0,,,,,1.0,0.0,0.0
2025-01-16 21:50:46.178475,5078.999,2.0,64.89414550781251,-266.38974609375003,37.792104492187484,39.00398437499999,60.471582031249994,0.14762900390625,48.884546590940204,0.0044068359375,47.39561722669314,0.0,0.0,0.0,,,,,1.0,0.0,0.0
2025-01-16 21:50:47.178475,5079.999,3.0,64.89414550781251,-266.38974609375003,37.792104492187484,39.00398437499999,60.471582031249994,0.14762900390625,48.884546590940204,0.0044068359375,47.39561722669314,0.0,0.0,0.0,,,,,1.0,0.0,0.0
2025-01-16 21:50:48.178500,5080.999,4.0,64.89414550781251,-266.38974609375003,37.792104492187484,39.00398437499999,60.65520019531251,0.14762900390625,48.884546590940204,0.0044068359375,47.39561722669314,0.0,0.0,0.0,,,,,1.0,0.0,0.0
2025-01-16 21:50:49.178475,5081.999,5.0,64.89414550781251,-266.38974609375003,37.792104492187484,39.00398437499999,60.65520019531251,0.148730712890625,48.884546590940204,0.0044068359375,47.39561722669314,0.0,0.0,0.0,,,,,1.0,0.0,0.0
2025-01-16 21:50:50.178475,5082.999,6.0,64.89414550781251,-266.38974609375003,37.792104492187484,39.00398437499999,60.65520019531251,0.148730712890625,48.884546590940204,0.0044068359375,47.39561722669314,0.0,0.0,0.0,,,,,1.0,0.0,0.0
2025-01-16 21:50:51.178500,5083.999,7.0,64.89414550781251,-266.38974609375003,37.792104492187484,39.00398437499999,60.65520019531251,0.148730712890625,48.884546590940204,0.0044068359375,47.39561722669314,0.0,0.0,0.0,,,,,1.0,0.0,0.0
2025-01-16 21:50:52.178475,5084.999,8.0,64.89414550781251,-266.38974609375003,37.792104492187484,39.00398437499999,60.65520019531251,0.148730712890625,48.884546590940204,0.0044068359375,41.7458275632316,0.0,0.0,0.0,,,,,1.0,0.0,0.0
2025-01-16 21:50:53.178450,5085.999,9.0,64.89414550781251,-266.38974609375003,37.792104492187484,39.00398437499999,60.65520019531251,0.148730712890625,48.884546590940204,0.0044068359375,41.7458275632316,0.0,0.0,0.0,,,,,1.0,0.0,0.0
2025-01-16 21:50:54.178475,5086.999,10.0,64.89414550781251,-266.38974609375003,37.792104492187484,39.00398437499999,60.65520019531251,0.148730712890625,48.884546590940204,0.0044068359375,41.7458275632316,0.0,0.0,0.0,,,,,1.0,0.0,0.0
2025-01-16 21:50:55.178475,5087.999,11.0,64.89414550781251,-266.38974609375003,37.792104492187484,39.00398437499999,60.65520019531251,0.148730712890625,48.884546590940204,0.0044068359375,41.7458275632316,0.0,0.0,0.0,,,,,1.0,0.0,0.0
2025-01-16 21:50:56.178450,5088.999,0.0,65.00431640625001,-266.38974609375003,37.792104492187484,39.00398437499999,60.65520019531251,0.148730712890625,48.884546590940204,0.0044068359375,41.7458275632316,0.0,0.0,0.0,,,,,1.0,0.0,0.0
2025-01-16 21:50:57.178475,5089.999,1.0,65.00431640625001,-266.38974609375003,37.792104492187484,39.00398437499999,60.65520019531251,0.148730712890625,48.884546590940204,0.0044068359375,41.7458275632316,0.0,0.0,0.0,,,,,1.0,0.0,0.0
2025-01-16 21:50:58.178475,5090.999,2.0,65.00431640625001,-266.38974609375003,37.792104492187484,39.00398437499999,60.65520019531251,0.148730712890625,48.884546590940204,0.0044068359375,41.7458275632316,0.0,0.0,0.0,,,,,1.0,0.0,0.0
2025-01-16 21:50:59.178475,5091.999,3.0,65.00431640625001,-266.38974609375003,37.792104492187484,39.00398437499999,60.65520019531251,0.148730712890625,48.884546590940204,0.0044068359375,41.7458275632316,0.0,0.0,0.0,,,,,1.0,0.0,0.0
2025-01-16 21:51:00.178450,5092.999,4.0,65.00431640625001,-266.38974609375003,37.792104492187484,39.00398437499999,60.2879638671875,0.148730712890625,48.884546590940204,0.0044068359375,41.7458275632316,0.0,0.0,0.0,,,,,1.0,0.0,0.0
2025-01-16 21:51:01.178450,5093.999,5.0,65.00431640625001,-266.38974609375003,37.792104492187484,39.00398437499999,60.2879638671875,0.148730712890625,48.884546590940204,0.0044068359375,41.7458275632316,0.0,0.0,0.0,,,,,1.0,0.0,0.0
2025-01-16 21:51:02.178450,5094.999,6.0,65.00431640625001,-266.38974609375003,37.792104492187484,39.00398437499999,60.2879638671875,0.148730712890625,48.884546590940204,0.0044068359375,41.7458275632316,0.0,0.0,0.0,,,,,1.0,0.0,0.0
2025-01-16 21:51:03.178450,5095.999,7.0,65.00431640625001,-266.38974609375003,37.792104492187484,39.00398437499999,60.2879638671875,0.148730712890625,48.884546590940204,0.0044068359375,41.7458275632316,0.0,0.0,0.0,,,,,1.0,0.0,0.0
2025-01-16 21:51:04.178450,5096.999,8.0,65.00431640625001,-266.38974609375003,37.792104492187484,39.00398437499999,60.2879638671875,0.148730712890625,48.884546590940204,0.0044068359375,43.95661482284699,0.0,0.0,0.0,,,,,1.0,0.0,0.0
2025-01-16 21:51:05.178450,5097.999,9.0,65.00431640625001,-266.38974609375003,37.792104492187484,39.00398437499999,60.2879638671875,0.148730712890625,48.884546590940204,0.0044068359375,43.95661482284699,0.0,0.0,0.0,,,,,1.0,0.0,0.0
2025-01-16 21:51:06.178450,5098.999,10.0,65.00431640625001,-266.38974609375003,37.792104492187484,39.00398437499999,60.2879638671875,0.148730712890625,48.884546590940204,0.0044068359375,43.95661482284699,0.0,0.0,0.0,,,,,1.0,0.0,0.0
2025-01-16 21:51:07.178450,5099.999,11.0,65.00431640625001,-266.38974609375003,37.792104492187484,39.00398437499999,60.2879638671875,0.148730712890625,48.884546590940204,0.0044068359375,43.95661482284699,0.0,0.0,0.0,,,,,1.0,0.0,0.0
